threshold	minimum_nuclei	analysis_role	cell_type	contrast	set_id	set_label	NES	pval	padj	comparison_FDR	global_primary_FDR	direction	size	ES	ranked_genes	leadingEdge	log2err	record_type	analysis	gene	log2FC	AveExpr	t	PValue	FDR	treat_t	treat_PValue	treat_FDR	n_samples	n_donors	duplicate_correlation	global_FDR	global_treat_FDR
min30_primary	30	primary	Astro	ALS_vs_Ctrl_mean	axon_development	Axon development	1.02692101912002	0.399334442595674	0.399334442595674	0.399334442595674	0.449251247920133	positive	76	0.246697565251962	15416	MAPT;TAOK2;STK11;SPTBN4;PRICKLE1;NTNG1;LLGL1;ULK1;KLF7;CNTNAP1;RAB8A;DCC;ACTG1;ANK3;OLIG2;MAP1A;MAP1B;DSCAML1;S100A6;BAIAP2;APLP1;ADGRB1	0.0813027345384498	seven_family_primary_axis															
min30_primary	30	primary	Astro	ALS_vs_Ctrl_mean	heat_response	Heat response	1.39148336320641	0.0837988826815642	0.146648044692737	0.146648044692737	0.122775107184617	positive	25	0.419524521772023	15416	HSPB1;EIF2B5;TRPM2;NOS1;LRP11;EIF2B1;DNAJA3;EIF2B2;HSPB6;AKT1;MAP2K7	0.211400189384923	seven_family_primary_axis															
min30_primary	30	primary	Astro	ALS_vs_Ctrl_mean	mitochondrial_energy	Mitochondrial energy	-1.33692123269839	0.112526539278132	0.149878345498784	0.149878345498784	0.154112434228746	negative	21	-0.409833239634501	15416	COX7A2;COX6B1;DGUOK;COX4I1;COX5B;COX7C;UQCRH;COX7B;UQCRC1;COX5A;NDUFA12;UQCRB	0.193813302725311	seven_family_primary_axis															
min30_primary	30	primary	Astro	ALS_vs_Ctrl_mean	protein_folding	Protein folding	1.32481016532058	0.0413314009940289	0.096439935652734	0.096439935652734	0.0693482401680361	positive	149	0.284902321019991	15416	PDIA3;ENGASE;DNAJB13;CD74;PPIF;DNAJB2;TAPBP;PDIA5;CLU;PDIA6;DNAJB1;WIPF1;PDRG1;PTGES3;CALR;DNAJC7;HSPA5;PPIB;P4HB;HSPB1;PDIA4;UNC45A;RP2;MPDU1;BAG3;DNAJC4;COX19;DNAJC21;RIC8A;DNAJB5;DNAJA3;DNAJC5;CANX;CHORDC1;KHSRP;TBCD;QSOX2;HSPA9;HSPB6;TTC4;RIC8B;FKBP10;QSOX1;MESD;DNAJC18	0.321775918075361	seven_family_primary_axis															
min30_primary	30	primary	Astro	ALS_vs_Ctrl_mean	protein_stabilization	Protein stabilization	1.18196356169266	0.128467153284672	0.149878345498784	0.149878345498784	0.165172054223149	positive	194	0.243118857912865	15416	FLNA;HSPA1B;USP2;TMC8;CD74;PIM1;LAMP1;FLOT2;PRKCD;TNIP2;GRN;CLU;TMC6;HCFC1;PDRG1;PTGES3;SMAD3;AAK1;HSPA1A;CALR;PAQR4;LAMP2;PPIB;HSPB1;OTUD3;RASSF1;UBE2B;WIZ;CHP1;PEX6;BAG3;PML;IFT46;DVL1;COG7;DNAJA3;CDKN2A;BAG6;ATP1B2;EFNA1;ZSWIM7;SAV1;TBL1X;WFS1;RASSF2;UXT;TESC;USP36;MUL1	0.147331213699377	seven_family_primary_axis															
min30_primary	30	primary	Astro	ALS_vs_Ctrl_mean	small_GTPase	Small GTPase	1.67538289060368	0.000231025420251782	0.00161717794176247	0.00161717794176247	0.000856153027991897	positive	177	0.349466756859107	15416	NUCB1;RALGDS;FGD3;RASGEF1B;PLCE1;FGD2;PLEKHG4B;MCF2L;ARHGEF3;RHOU;ARHGEF17;RGL3;DOCK8;ARHGAP15;RHOC;SIPA1;ARHGAP39;SRGAP2;RASGEF1C;DOCK2;ARHGEF10L;RASL12;RHOA;SH2D3C;ARHGAP1;RAPGEF3;ARHGAP25;TIAM2;RIT2;MYO9B;VAV2;PLD1;PLEKHG3;CHP1;RASGRP1;RHOG;ARHGAP22;VAV1;RAP1GAP;KNDC1;PLD2;DOCK10;DVL2;PREX1;AKAP13;RRAD;ARHGAP10;DOCK11;ARHGAP33;ABR;DEF6;ARAP1;ARHGAP6;ARHGEF40	0.518848077743792	seven_family_primary_axis															
min30_primary	30	primary	Astro	ALS_vs_Ctrl_mean	synapse_junction	Synapse / junction assembly	1.58370889048007	0.00989685014138998	0.0346389754948649	0.0346389754948649	0.020783385296919	positive	63	0.392888900906335	15416	DNER;NLGN2;ADD2;MAPT;PLXNB2;PLXND1;SPOCK2;RHOA;DAG1;FZD5;PCDHB9;PLXNA1;PCDHB4;RAB29;PCDHB14;PCDHB10;PCDHB6;PLXNB1;PLXNA3	0.380730400722792	seven_family_primary_axis															
min30_primary	30	primary	Astro	FTD_vs_Ctrl_mean	axon_development	Axon development	1.64793064899862	0.00222756448134375	0.00389823784235157	0.00389823784235157	0.00584735676352736	positive	76	0.414109645907231	15416	TAOK2;NMNAT2;MAP1A;MAP1B;APP;MARK2;CNTN4;DCC;STK11;LLGL1;MAPK8IP3;PRICKLE1;SPTBN4;GRM7;APLP1;ACTB;WNT7A;OLIG2;NTNG1;DSCAML1;BRSK1;DOCK7;PAK3;MAP1S;BAIAP2;PITPNA;SHTN1;ANK3;SLITRK5;RAB10;RAB8A;CELSR2;S100A6;PARD3;GPM6B;APLP2;PICALM;ACTG1;DRD2;PLP1;MAPT;SPG11;AMIGO1;NPR2	0.431707695803346	seven_family_primary_axis															
min30_primary	30	primary	Astro	FTD_vs_Ctrl_mean	heat_response	Heat response	1.44428495452126	0.0464396284829721	0.0541795665634675	0.0541795665634675	0.0750178613955704	positive	25	0.453454866006764	15416	HSPB1;EIF2B3;DNAJA1;MAP2K7;HSP90AA1;NOS1;SOD1;CRYAB;EIF2B4;LRP11;HSPA2;MTOR	0.261663521711573	seven_family_primary_axis															
min30_primary	30	primary	Astro	FTD_vs_Ctrl_mean	mitochondrial_energy	Mitochondrial energy	0.774592021664811	0.787539936102236	0.787539936102236	0.787539936102236	0.787539936102236	positive	21	0.253503819309657	15416	UQCRB;COX4I1;COX6C;MT-CO1;C2orf69;COX5B;NDUFV3;COX7A2;COX7C;ATP5F1C;UQCRH	0.0463227785794633	seven_family_primary_axis															
min30_primary	30	primary	Astro	FTD_vs_Ctrl_mean	protein_folding	Protein folding	1.84419732639559	0.00000451066345732279	0.0000315746442012595	0.0000315746442012595	0.000064375098727079	positive	149	0.415078129132913	15416	PDIA4;PPIA;DNAJB2;HSPH1;DNAJB1;HSP90AB1;PDIA5;TAPBP;PTGES3;COX19;FKBP4;KHSRP;DNAJB6;CHORDC1;HSPB1;CLU;DNAJA1;FKBP8;PDIA3;DNAJC5;HSP90B1;TBCD;TBCE;P4HB;PFDN2;HSP90AA1;AHSA1;RIC8B;TRAP1;HSPA5;HSPA4L;ZMYND10;CANX;BAG3;HSPA4;ST13;ATPAF2;CRYAB;CCT4;HSPA9;HSPD1;PDCL3;BAG2;DNAJC18;RP2	0.610526878385931	seven_family_primary_axis															
min30_primary	30	primary	Astro	FTD_vs_Ctrl_mean	protein_stabilization	Protein stabilization	1.62237930103362	0.000261899442628797	0.000611098699467194	0.000611098699467194	0.000916648049200791	positive	194	0.354272134521984	15416	HSPA1B;HSP90AB1;PTGES3;HSPA1A;MSX1;PEX6;HSPB1;LAMP1;CLU;WIZ;PFDN2;BAG6;WFS1;MAPK8IP3;HSP90AA1;ATP1B1;PARK7;CBL;HIP1;NAA16;CFP;ANK2;USP36;PFN1;SOX4;FLNA;PRKCD;USP2;HCFC1;LAMP2;BAG3;DVL1;MORC3;PAK4;CRYAB;CCT4;NCLN;CCNH;TMC8;RASSF1;HSPD1;WDR81;RASSF2;PDCL3;BAG2;RPL23;RTN4;PINK1;PIN1;GRN;MDM4;ATP1B3;TMC6;AKT2;TUBA1A;FLOT2;TTI1;AAK1;USP27X;MTOR;COG7;VHL;BAG1;CDKN2A;TRIM44;CCT7;GAPDH;UBE2B;CALR;CRTAP;USP13;CCT3;PIM1;RUVBL2;GPIHBP1;CHEK2;TCP1;CD74	0.49849310876659	seven_family_primary_axis															
min30_primary	30	primary	Astro	FTD_vs_Ctrl_mean	small_GTPase	Small GTPase	1.67635785211178	0.0000778460992794584	0.000272461347478104	0.000272461347478104	0.000490430425460588	positive	177	0.371688819274527	15416	RASGEF1B;NGEF;PLEKHG4B;MYO9B;ARAP1;MCF2L;SIPA1L3;SIPA1;RND2;TIAM2;RIT2;SOS1;SRGAP2;TIAM1;RHOA;PLCE1;FGD3;RRAD;DOCK9;ARHGAP6;RAC3;DOCK3;RASGRP2;FGD1;ARHGAP1;RHOC;RHOG;CCDC88A;RAPGEF1;ARHGAP28;GDI1;RAPGEF4;TNK2;ARHGAP10;PLEKHG3;FAM13A;ARHGEF10L;STARD13;RASL12;RASGRP1;DOCK7;ARHGEF4;RHOBTB1;ARHGEF40;RGL3;ARHGAP15;DOCK10;RALGPS1;ARHGEF17;ARHGAP35;OBSCN;ARHGAP22;SIPA1L1;RHOF;RASGEF1A;FGD2;RASGEF1C;PLD1;GNA13;ARHGAP39;PREX1;DOCK11;RHOQ;SOS2;ABR;ARHGAP33;MCF2;ARHGEF3;RAPGEF2;DOCK2;RAC1;RASGRP3;DOCK8;RUNDC3A;RASGRF1;ARHGEF1;VAV1;RHOU;ARHGAP23;TRIO;ARHGAP4;ARHGAP44;RABIF;PLEKHG5;ARHGAP20;RRAGC;RAPGEF5;NUCB1;ARHGEF2	0.538434096309916	seven_family_primary_axis															
min30_primary	30	primary	Astro	FTD_vs_Ctrl_mean	synapse_junction	Synapse / junction assembly	1.62158793371156	0.00545647088586568	0.00763905924021194	0.00763905924021194	0.0127317654003532	positive	63	0.42160694651981	15416	MAP1B;SDK2;ADD2;PLXNB1;NRXN2;PLXNB2;RHOA;SHANK3;SPOCK2;PLXND1;PLXNA3;NLGN3;NLGN1;SDK1;DNM3;PLXNA1;DSCAM;DAG1;KIRREL3	0.407017918923954	seven_family_primary_axis															
min30_primary	30	primary	Astro	ALS_vs_FTD_mean	axon_development	Axon development	-1.69191337549945	0.00146044166322245	0.00511154582127857	0.00511154582127857	0.00400034020795714	negative	76	-0.420693114749432	15416	APP;NMNAT2;MARK2;GPM6B;ZPR1;CNTN4;MAP1A;TAOK2;MAP1B;PAK3;DOCK7;PARD3;SHTN1;MAPK8IP3;ACTB;PICALM;GRM7;APLP2;DCC;BRSK1;APBB1;SPAST;WNT7A;APLP1;CELSR2;ATL1;LLGL1;SPG11;DSCAML1;AMIGO1;MAP1S;PARD6B;RAB10;OLIG2;SLITRK5;PRICKLE1;TRIM46	0.45505986738723	seven_family_primary_axis															
min30_primary	30	primary	Astro	ALS_vs_FTD_mean	heat_response	Heat response	-1.09377909596748	0.331658291457286	0.377708978328173	0.377708978328173	0.386934673366834	negative	25	-0.341120106725715	15416	EIF2B3;DNAJA1;SOD1;HSP90AA1;MTOR;MAP2K7;CRYAB;HSPB1;NOS1;DNAJA2;EIF2B4;PSIP1	0.0919686140000427	seven_family_primary_axis															
min30_primary	30	primary	Astro	ALS_vs_FTD_mean	mitochondrial_energy	Mitochondrial energy	-1.31471532449263	0.122033898305085	0.170847457627119	0.170847457627119	0.160169491525424	negative	21	-0.429257870299188	15416	UQCRB;COX4I1;COX7A2;COX6B1;COX5B;COX7C;UQCRH;C2orf69;COX6C;COX5A;MT-CO1	0.16440575583821	seven_family_primary_axis															
min30_primary	30	primary	Astro	ALS_vs_FTD_mean	protein_folding	Protein folding	-1.69771836550436	0.000187094094413113	0.00130965866089179	0.00130965866089179	0.000785795196535074	negative	149	-0.380526407725924	15416	PPIA;FKBP4;HSPH1;HSP90AB1;HSP90B1;PFDN2;COA3;FKBP8;PDIA4;DNAJA1;ZPR1;PDCL3;TBCC;HSPA4;CCT7;DNAJB1;DNAJB2;BAG2;DNAJB6;SACS;KHSRP;COX19;NFYC;HSP90AA1;TCP1;TBCE;TRAP1;ST13;PTGES3;CCT4;AHSA1;ZMYND10;ATPAF2;CHORDC1;PFDN6;GRPEL1;ERP44;CDC123;TAPBP;PDIA5;TBCD;DNAJC5;HSPA4L;PPID;CRYAB;HSPBP1;CCT6A;ERP29;HSPA8;HSPB1	0.518848077743792	seven_family_primary_axis															
min30_primary	30	primary	Astro	ALS_vs_FTD_mean	protein_stabilization	Protein stabilization	-1.35345250936694	0.0233533693177136	0.0544911950746651	0.0544911950746651	0.0432724196181164	negative	194	-0.292061358678046	15416	HSP90AB1;PIN1;PFDN2;ANK2;RPL23;PARK7;STUB1;NAA16;PDCL3;PARVA;CCT7;GAPDH;BAG2;TRIM44;PAK4;USP13;HSP90AA1;TCP1;CFP;SOX4;HIP1;PFN1;MAPK8IP3;HSPA1B;MSX1;ATP1B1;HERC2;HSPA1A;PTGES3;CCT4;COG3;MDM4;MTOR;PFDN6;PPP1CA;STXBP4;CBL;ATP1B3;PEX6;POLR2E;WFS1;PINK1;BAG6;PTEN;CRYAB;CCT6A;HSPB1;FBXW7;TUBA1A;CCNH;EP300;USP36;VHL;MORC3;HSPD1;PYURF;CCT3;TTI2;WIZ;NAA15;EPHA4;CLU;PIK3R1;LAMP1;WDR81;BAG5;NCLN;PFDN5;BAG1;CBLB;USP27X;BAG4;PFN2;CCT8	0.352487857583619	seven_family_primary_axis															
min30_primary	30	primary	Astro	ALS_vs_FTD_mean	small_GTPase	Small GTPase	-1.31469391049289	0.0386206896551724	0.0675862068965517	0.0675862068965517	0.0675862068965517	negative	177	-0.285129928765367	15416	NGEF;RND2;TIAM1;STARD13;GDI1;ARAP1;RASGEF1B;SOS1;SIPA1L3;SIPA1L1;FGD1;ARHGAP28;FAM13A;DOCK7;ARHGAP5;MYO9B;DOCK9;SOS2;ARHGEF28;ARHGEF25;DOCK3;RAC3;CCDC88A;PLEKHG4B;RAPGEF2;RAPGEF1;TIAM2;ARHGAP35;RALGPS1;RAPGEF4;RASGRF1;RIT2;RAC1;ARHGEF4;ARHGAP6;RASGRP2;ARHGEF2;ARHGAP31;ARHGAP23;RUNDC3A;RRAD;GNA13;TNK2;MCF2L;SIPA1;MCF2;RHOF;VAV3;RHOJ;RHOA;RHOQ;ARHGAP18;SRGAP2;RHOBTB1	0.271288554688953	seven_family_primary_axis															
min30_primary	30	primary	Astro	ALS_vs_FTD_mean	synapse_junction	Synapse / junction assembly	-1.04259268020308	0.377708978328173	0.377708978328173	0.377708978328173	0.432648466084999	negative	63	-0.26689065673724	15416	GRIA1;SHANK3;DNM3;MAP1B;SDK2;ADGRL3;NRXN2;SDK1;PLXNB1;CDH2;NLGN3;OPHN1;ERBB4;PTEN;NRG3;NLGN1;PLXNA3	0.080419996876154	seven_family_primary_axis															
min30_primary	30	primary	OPC	ALS_vs_Ctrl_mean	axon_development	Axon development	1.17893080311925	0.185770750988142	0.282641509433962	0.282641509433962	0.229481515926529	positive	74	0.282686354159495	12825	SPTBN4;CCK;DOCK7;CTNNA2;SLITRK1;NMNAT2;ACTG1;PLP1;BRSK1;APP;PARD3;NTNG1;KLF7;SLITRK4;CNTNAP1;RAB8A;SLITRK2;MAP1B;MAPT;PLPPR4;CELSR2;ADGRB1;APLP1;SPG11;GRM7;PICALM;ACTB	0.142056643575821	seven_family_primary_axis															
min30_primary	30	primary	OPC	ALS_vs_Ctrl_mean	heat_response	Heat response	1.22913067382814	0.20188679245283	0.282641509433962	0.282641509433962	0.244593613933237	positive	21	0.392589233594371	12825	CRYAB;HSPB1;NOS1;HSP90AA1;EIF2B5;DNAJA3;DNAJA1;SOD1	0.132147260608774	seven_family_primary_axis															
min30_primary	30	primary	OPC	ALS_vs_Ctrl_mean	mitochondrial_energy	Mitochondrial energy	0.964601724649418	0.492452830188679	0.492452830188679	0.492452830188679	0.534905660377359	positive	21	0.308097633447291	12825	UQCRC2;NDUFV3;COX7B;C2orf69;COX5B	0.0768736734126542	seven_family_primary_axis															
min30_primary	30	primary	OPC	ALS_vs_Ctrl_mean	protein_folding	Protein folding	1.46135177145963	0.0083975239540757	0.0293913338392649	0.0293913338392649	0.0188944288966703	positive	140	0.316631325833792	12825	CLU;DNAJB2;CRYAB;BAG3;HSP90AB1;PDIA4;TTC1;BAG2;PDIA3;FKBP10;PDIA5;HSPA9;PTGES3;CALR;HSPB1;PDIA6;HSP90B1;HSPH1;DNAJC7;HSPA8;CCT4;HSP90AA1;COX19;ERO1B;DNAJC21;LMAN2L;PPIF;ERO1A;ST13;DNAJA3;CRTAP;TBCE;TBCD;CHORDC1;CCT5;HSPA4L;FKBP4;CCT3;ATF6;RANBP2;DNAJB1;RIC8A;HSPA5	0.380730400722792	seven_family_primary_axis															
min30_primary	30	primary	OPC	ALS_vs_Ctrl_mean	protein_stabilization	Protein stabilization	1.30813121400575	0.0418290972442123	0.097601226903162	0.097601226903162	0.0693482401680361	positive	180	0.272453922018534	12825	FLNA;CLU;ZSWIM7;FLOT2;CRYAB;BAG3;RAB21;HSP90AB1;UBE2B;BAG2;PRKRA;STK3;ATP1B2;PTGES3;CALR;DVL1;HSPB1;MORC3;SMAD3;TBL1X;HSPA1A;OTUD3;CCT4;PEX6;HSP90AA1;TBRG1;UXT;NAA30;MT3;NCLN;DNAJA3;TUBA1A;CRTAP;TMC6;HSPA1B;CCT5;CCT3;ZNF207;PPARGC1A;PER3;CBX4;WIZ;RUVBL1;AKT2;CCNH;USP2;USP33	0.321775918075361	seven_family_primary_axis															
min30_primary	30	primary	OPC	ALS_vs_Ctrl_mean	small_GTPase	Small GTPase	1.92895220727043	0.00000355496522489143	0.00002488475657424	0.00002488475657424	0.000064375098727079	positive	161	0.406625878058734	12825	TIAM2;PLEKHG4B;ARHGEF3;RIT2;RAPGEF3;VAV3;RASGEF1C;ABR;PLEKHG1;TIAM1;RGL2;PLCE1;RHOU;DOCK7;RALGDS;ARHGAP25;ARL3;ARHGEF17;RACGAP1;ARHGAP24;SOS1;ARHGAP18;ARHGAP1;DOCK2;RHOQ;DOCK8;MCF2L;MCF2;KALRN;SYDE2;RHOC;ARHGEF12;RND2;MYO9A;FAM13B;RERG;VAV2;NET1;ARHGAP21;RHOB;CCDC88C;ARHGAP23;ARHGEF10L;PREX1;ARHGAP39;GDI2;RAC3;ECT2;AKAP13;FGD1;RALGPS2;DVL2;SRGAP2;NUCB2;DOCK6;ARAP1;DOCK4;RASGEF1B	0.627256739718528	seven_family_primary_axis															
min30_primary	30	primary	OPC	ALS_vs_Ctrl_mean	synapse_junction	Synapse / junction assembly	0.978918188032707	0.48443579766537	0.492452830188679	0.492452830188679	0.534905660377359	positive	54	0.247822487282595	12825	SDK2;NLGN2;PLXNC1;SLITRK1;NRG3;MYO9A;ERBB4;NRXN2;PLXNB2;PLXNA3;PLXNA1;MAP1B;MAPT	0.0793434960134973	seven_family_primary_axis															
min30_primary	30	primary	OPC	FTD_vs_Ctrl_mean	axon_development	Axon development	2.28832436912744	0.000000069566434409223	0.000000486965040864561	0.000000486965040864561	0.00000438268536778105	positive	74	0.546846118483486	12825	MAPT;GPM6B;DSCAML1;MAP1B;NMNAT2;PARD3;RAB10;SPTBN4;OLIG1;CTNNA2;MARK2;GRM7;MAP1A;ACTB;MAPK8IP3;SLITRK4;SPG11;CAMSAP2;ANK3;PICALM;SLITRK1;ACTG1;APLP1;KLF7;CNTN4;DCHS2;NTNG1;SLITRK5;ATL1;DCC;MAP1S;STK11;CCK;TAOK2;APP;SPAST;BAIAP2;DOCK7;PITPNA;PLP1;NTNG2;OLIG2	0.704975715167238	seven_family_primary_axis															
min30_primary	30	primary	OPC	FTD_vs_Ctrl_mean	heat_response	Heat response	1.65287895721478	0.016733074334941	0.016733074334941	0.016733074334941	0.0319449600939783	positive	21	0.529933851294925	12825	HSP90AA1;SOD1;NOS1;HSPB1;DNAJA1;EIF2B3;MAP2K7;CRYAB	0.352487857583619	seven_family_primary_axis															
min30_primary	30	primary	OPC	FTD_vs_Ctrl_mean	mitochondrial_energy	Mitochondrial energy	1.65964428122134	0.015444060006784	0.016733074334941	0.016733074334941	0.030405493138356	positive	21	0.532102899542774	12825	C2orf69;COX4I1;UQCRB;COX7B;COX5B;COX7A2;MT-CO1;COX7C;COX5A;COX6B1;UQCRH;COX6C	0.380730400722792	seven_family_primary_axis															
min30_primary	30	primary	OPC	FTD_vs_Ctrl_mean	protein_folding	Protein folding	1.89011493429251	0.0000144496003957323	0.0000430310484720189	0.0000430310484720189	0.000113790603116392	positive	140	0.41271668652308	12825	HSP90AB1;DNAJB1;HSPH1;COX19;DNAJB2;BAG2;DNAJB6;PTGES3;WIPF1;PPIA;CCT3;CLU;HSPA4;ST13;HSP90AA1;TBCE;CCT4;BAG3;KHSRP;CHORDC1;HSPA4L;HSP90B1;CWC27;FKBP4;HSPA9;FKBP8;PFDN2;HSPB1;HSPA8;DNAJA1;NUDC;BAG1;AHSA1;CRYAB;PDIA4;PDIA6;TAPBP;CMC1;CCT5;P4HB;RIC8B;PFDN5;ERP44;CCT7;PDIA3;CALR;ATF6;DNAJC7;LMAN2L;TCP1;DNAJB5;NFYC;ENGASE;RIC8A;HSPA5;RUVBL2;TBCD;DNAJC5;FKBP5;COA3	0.593325476396405	seven_family_primary_axis															
min30_primary	30	primary	OPC	FTD_vs_Ctrl_mean	protein_stabilization	Protein stabilization	1.7130504306272	0.000121420436523203	0.000169988611132484	0.000169988611132484	0.000588422115458597	positive	180	0.361095409573762	12825	HSP90AB1;BAG2;PTGES3;HSPA1A;CCT3;ZSWIM7;CLU;FLOT2;HIP1;HSP90AA1;CCNH;CCT4;BAG3;NAA16;HSPA1B;SMAD7;FLNA;MT3;PFDN2;UBE2B;HSPB1;SMAD3;PARK7;MORC3;PPARGC1A;DVL1;GAPDH;MAPK8IP3;PIN1;STUB1;PINK1;EGLN3;BAG1;CRYAB;TMC6;RTN4;PEX6;RASSF2;USP2;PTEN;CCT5;PRKRA;PFN1;MCM8;EP300;GNAQ;EPHA4;PIK3R1;ATP1B1;PFDN5;WIZ;RPL23;NLK;POLR2E;CCT7;CBLB;C10orf90;AAK1;ANK2;CALR;UXT	0.538434096309916	seven_family_primary_axis															
min30_primary	30	primary	OPC	FTD_vs_Ctrl_mean	small_GTPase	Small GTPase	1.81066808677671	0.0000184418779165795	0.0000430310484720189	0.0000430310484720189	0.000129093145416057	positive	161	0.388474835104039	12825	RIN2;RASGEF1B;SOS1;PLEKHG4B;ARHGAP35;TIAM2;ARHGAP1;FAM13A;RIT2;RUNDC3A;MCF2L;RAPGEF4;DOCK4;SRGAP2;RASGEF1C;ARHGAP24;CHN1;ARHGEF25;GDI1;ARHGAP5;ARHGAP25;RND1;VAV3;STARD13;ARHGAP18;ARHGEF4;RAC1;ABR;DOCK11;PLD1;RALGDS;DOCK10;BCR;RAPGEF3;ARAP1;FGD4;SOS2;RAPGEF2;RALGAPA2;ARHGEF2;RAPGEF1;DIRAS2;RALGPS2;ARHGAP44;RALGAPA1;ARHGEF28;TIAM1;DOCK9;SIPA1L3;ITSN1;PLEKHG1;ARHGAP39;ARHGEF11;ARHGAP10;ARL3;DOCK6;ARHGAP26;GNA13;DOCK8;ARHGAP31;ARHGEF12;DOCK7;MYO9A;DOCK3	0.575610261071129	seven_family_primary_axis															
min30_primary	30	primary	OPC	FTD_vs_Ctrl_mean	synapse_junction	Synapse / junction assembly	2.01168591718957	0.0000922609385618391	0.000161456642483219	0.000161456642483219	0.000528403557217806	positive	54	0.505680093444748	12825	MAPT;NRG3;MAP1B;ERBB4;DNER;PLXNA3;NRXN1;ADGRL3;NLGN2;GPHN;SDK1;DNM3;SDK2;PLXNB1;NLGN1;DSCAM;PLXNC1;NRXN2;SLITRK1;PTEN;NLGN4X	0.538434096309916	seven_family_primary_axis															
min30_primary	30	primary	OPC	ALS_vs_FTD_mean	axon_development	Axon development	-2.1138937290066	0.000000564499167774086	0.0000039514941744186	0.0000039514941744186	0.0000177817237848837	negative	74	-0.52219776017824	12825	GPM6B;DSCAML1;CAMSAP2;MAPT;OLIG2;MAP1B;MARK2;MAP1A;RAB10;OLIG1;PARD3;ANK3;ZPR1;MAPK8IP3;MAP7D2;CNTN4;SPAST;NMNAT2;ACTB;GRM7;SPG11;TAOK2;PITPNA;ATL1;MAP1S;DCC;DCHS2;PICALM;SLITRK5	0.659444398037935	seven_family_primary_axis															
min30_primary	30	primary	OPC	ALS_vs_FTD_mean	heat_response	Heat response	-1.50421835680148	0.0483592400690846	0.0564191134139321	0.0564191134139321	0.0761658031088083	negative	21	-0.494287542120491	12825	HSP90AA1;EIF2B3;MTOR;SOD1;MAP2K7;EIF2B4;DNAJA1;HSPB1	0.271288554688953	seven_family_primary_axis															
min30_primary	30	primary	OPC	ALS_vs_FTD_mean	mitochondrial_energy	Mitochondrial energy	-1.36081724236568	0.115716753022453	0.115716753022453	0.115716753022453	0.155109690221585	negative	21	-0.447165803397311	12825	COX4I1;COX7A2;COX5A;UQCRB;COX6B1;C2orf69;UQCRH;MT-CO1;UQCRC1;COX7C;COX6C;COX5B;COX7B;NDUFA12	0.170932335370056	seven_family_primary_axis															
min30_primary	30	primary	OPC	ALS_vs_FTD_mean	protein_folding	Protein folding	-1.84560071902792	0.00000637148074847595	0.0000223001826196658	0.0000223001826196658	0.000064375098727079	negative	140	-0.412657971644684	12825	PPIA;DNAJB1;HSP90AB1;WIPF1;HSPH1;DNAJB6;COX19;HSPA4;PFDN5;CMC1;CCT3;CWC27;FKBP8;KHSRP;BAG2;PFDN2;HSP90AA1;HSPBP1;PTGES3;ST13;TBCE;ERP44;CCT7;FKBP4;NUDC;CHORDC1;CCT4;HSPA4L;AHSA1;ZPR1;BAG4;RIC8B;DNAJB2;DNAJA1;HSP90B1;RUVBL2;TCP1;BAG1;HSPB1;COA3;ATPAF2;TBCC;TAPBP;HSPA8;BAG3;DNAJB5;DNAJC5;DNAJC18;HSPA9;CLU;NFYC;DNAJA2	0.610526878385931	seven_family_primary_axis															
min30_primary	30	primary	OPC	ALS_vs_FTD_mean	protein_stabilization	Protein stabilization	-1.35549155461325	0.0251334984745961	0.0351868978644346	0.0351868978644346	0.045240297254273	negative	180	-0.291121589652345	12825	HSP90AB1;HIP1;SMAD7;PFDN5;CCT3;PIN1;HSPA1A;POLR2E;NAA16;BAG2;PFDN2;CCNH;HSPA1B;C10orf90;HSP90AA1;PTGES3;PARK7;PIK3R1;PINK1;MTOR;GAPDH;CCT7;CCT4;EGLN3;MAPK8IP3;STUB1;BAG6;BAG4;ATP1B1;RASSF2;PPP1CA;EPHA4;NLK;RUVBL2;TCP1;MT3;BAG1;ZSWIM7;HSPB1;FLOT2;PFN1	0.352487857583619	seven_family_primary_axis															
min30_primary	30	primary	OPC	ALS_vs_FTD_mean	small_GTPase	Small GTPase	-1.41598854946698	0.0102883536319016	0.0180046188558278	0.0180046188558278	0.0209085896390258	negative	161	-0.310773687565878	12825	RIN2;RASGEF1B;ARHGAP35;ARHGAP5;RUNDC3A;CHN1;ARHGEF25;FAM13A;SOS1;ARHGAP31;ARHGEF28;DOCK10;ARHGAP1;RAPGEF4;DIRAS2;ARHGAP20;STARD13;NGEF;TNK2;RND1;DOCK4;RAPGEF2;GDI1;ARHGAP44;DOCK11;RAPGEF1;ARHGEF4;SRGAP2;RAC1;SIPA1L1;DOCK9;RRAGC;MCF2L;ARHGEF2;BCR;PLD1;CCDC88A;PLEKHG4B;SOS2;DOCK3;ARHGEF11;KRIT1;FGD4;RALGAPA2;ARHGAP26;DOCK1;FGD3;SIPA1L3	0.380730400722792	seven_family_primary_axis															
min30_primary	30	primary	OPC	ALS_vs_FTD_mean	synapse_junction	Synapse / junction assembly	-1.84747532200089	0.000202687671788902	0.000472937900840771	0.000472937900840771	0.000798082707668802	negative	54	-0.487342756473876	12825	OPHN1;PLXNB1;SDK1;NLGN4X;DSCAM;ADGRL3;DNER;MAPT;NRXN1;MAP1B;GPHN;DNM3;PLXNA3;ERBB4;NLGN1;NRG3	0.518848077743792	seven_family_primary_axis															
min30_primary	30	primary	Oligo	ALS_vs_Ctrl_mean	axon_development	Axon development	0.853582267031354	0.761341222879684	0.779324055666004	0.779324055666004	0.786303230187215	positive	78	0.206941815224324	16304	PARD3;PARD6B;LLGL1;DOCK7;CELSR3;GRM7;SLITRK2;NTNG2;BRSK2;KLF7;DCC;MAPT;MARK2;DSCAML1;SPG11;ULK1;S100B;RAB8A;APLP1;MAP1B;CELSR1;CELSR2	0.057609110864425	seven_family_primary_axis															
min30_primary	30	primary	Oligo	ALS_vs_Ctrl_mean	heat_response	Heat response	1.3318241883244	0.104536489151874	0.243918474687706	0.243918474687706	0.146351084812623	positive	23	0.415844014362978	16304	LRP11;HSPB1;DNAJA4;DNAJA3;CRYAB;PSIP1;DNAJA1;SOD1;EIF2B5;HSP90AA1	0.193813302725311	seven_family_primary_axis															
min30_primary	30	primary	Oligo	ALS_vs_Ctrl_mean	mitochondrial_energy	Mitochondrial energy	0.808193360852544	0.779324055666004	0.779324055666004	0.779324055666004	0.787539936102236	positive	22	0.254641677716636	16304	C2orf69;ATP5F1C;NDUFV3;NDUFS2;COX6B1;COX5B;UQCRC2;COX4I1	0.0568864160475701	seven_family_primary_axis															
min30_primary	30	primary	Oligo	ALS_vs_Ctrl_mean	protein_folding	Protein folding	1.24254957539195	0.0757575757575758	0.243918474687706	0.243918474687706	0.116306932801745	positive	152	0.270772229092915	16304	DNAJB2;TBCD;TTC4;COX19;P3H1;PTGES3;QSOX1;PDIA3;PDIA6;ENGASE;PDIA5;HSPB1;UNC45A;CHORDC1;BAG2;PDIA4;HSPA8;BAG3;ATPAF2;DNAJA4;PPIF;DNAJA3;ERO1B;CALR;CRYAB;HSPA4L;ATF6;RIC3;HSP90AB1;FKBP6;ST13;NKTR;DNAJA1;TTC1;CCT4;HSP90AA1;TAPBP;SACS;TBCE;LMAN2L;ERO1A;CSNK2A1;PDIA2;CCT3;ALG12;PPID;DNAJB1;MESD	0.224966093540314	seven_family_primary_axis															
min30_primary	30	primary	Oligo	ALS_vs_Ctrl_mean	protein_stabilization	Protein stabilization	1.14593503659387	0.159090909090909	0.278409090909091	0.278409090909091	0.200454545454545	positive	192	0.242951020257956	16304	ZSWIM7;UBE2B;MORC3;P3H1;DBR1;COG7;PTGES3;TBL1X;ZNF207;HSPB1;SMAD3;PRKRA;TNIP2;BAG2;PEX6;CEP63;BAG3;HSPA1A;PIM1;DNAJA3;MT3;CALR;EFNA1;RTN4;CRYAB;CBL;PYHIN1;FLOT2;PER3;HSP90AB1;AAK1;HSPA1B;IFT46;USP2;TMC8;MYCNOS;RASSF1;CHP1;PRKCD;RABL3;CCT4;HSP90AA1;AKT2;CDK7;CSNK2A1;TRIM44;CCT3;PARK7;RUVBL1;OTUD3;UXT;GAPDH;FLNA;STX12;PTEN;CDKN2A;ATM	0.151148761385484	seven_family_primary_axis															
min30_primary	30	primary	Oligo	ALS_vs_Ctrl_mean	small_GTPase	Small GTPase	1.43649353203199	0.00894155464783459	0.0625908825348421	0.0625908825348421	0.0194247566487441	positive	162	0.309574114139298	16304	ARHGAP39;RAPGEF3;ARHGAP22;ARHGAP33;ARHGEF10L;SIAH2;RIN2;ARHGAP31;RASGEF1C;PLCD4;RACGAP1;TRIO;DOCK11;RASGRF1;NUCB2;GDI2;DOCK7;SWAP70;SIPA1L2;TIAM2;RALGPS1;SOS1;TIAM1;RHOQ;RALGAPA1;ARHGEF1;BCR;RAB18;PREX2;MYO9B;SRGAP2;SIPA1L3;ARHGAP25;RAPGEF4;RHOF;ARHGEF10;DOCK10;GNA13;MCF2L;CHP1;ARHGEF3;GARNL3;CHM;PLD2;FAM13A;ARHGAP28;ARHGAP29;ABR;ARHGEF4;ARHGAP26;ITSN1;ARHGAP35;RRAD;RASGEF1B;DNMBP;TSC2	0.380730400722792	seven_family_primary_axis															
min30_primary	30	primary	Oligo	ALS_vs_Ctrl_mean	synapse_junction	Synapse / junction assembly	-0.913254886968132	0.646245059288538	0.779324055666004	0.779324055666004	0.678557312252965	negative	65	-0.225767828297995	16304	OPHN1;GRIA1;BDNF;CDC42;PCDHB16;DRD2;SPOCK2;PLXNB3;SLITRK1;PCDHB5;DAG1;SDK1;NLGN3;VMP1;CDH1	0.0655321029282414	seven_family_primary_axis															
min30_primary	30	primary	Oligo	FTD_vs_Ctrl_mean	axon_development	Axon development	1.86260798257112	0.000330234761584685	0.000680817757157071	0.000680817757157071	0.00109498894630711	positive	78	0.414937484330842	16304	MAP7D2;PARD3;DOCK7;MAPT;S100A6;RAB3A;STK11;MAPK8IP3;APLP2;NTNG1;MGARP;TAOK2;NPR2;NMNAT2;CELSR2;CAMSAP2;MARK2;MAP1B;APP;RAB10;BAIAP2;CELSR3;SLITRK5;CNTN4;NRCAM	0.49849310876659	seven_family_primary_axis															
min30_primary	30	primary	Oligo	FTD_vs_Ctrl_mean	heat_response	Heat response	1.12325744253865	0.281795511221945	0.281795511221945	0.281795511221945	0.334964475603444	positive	23	0.325770299436292	16304	HSPB1;SOD1;DNAJA4;DNAJA1;HSP90AA1;EIF2B3	0.128142916898415	seven_family_primary_axis															
min30_primary	30	primary	Oligo	FTD_vs_Ctrl_mean	mitochondrial_energy	Mitochondrial energy	2.00565036910229	0.00108449851590354	0.00151829792226496	0.00151829792226496	0.00310560938645105	positive	22	0.59806094012805	16304	C2orf69;COX6B1;UQCRB;COX7C;COX4I1;COX7A2;COX5B;COX6A1;COX6C;COX7B;UQCRC1;UQCRH;NDUFB6;COX5A;NDUFA12;NDUFV3	0.45505986738723	seven_family_primary_axis															
min30_primary	30	primary	Oligo	FTD_vs_Ctrl_mean	protein_folding	Protein folding	1.90623831061021	0.00000548771481622382	0.0000250347606160863	0.0000250347606160863	0.000064375098727079	positive	152	0.374683468693564	16304	HSPB1;ZMYND10;BAG2;PTGES3;CHORDC1;HSPA4L;DNAJB1;BAG3;ATPAF2;ST13;HSPA4;TBCE;FKBP4;DNAJB6;CCT3;HSP90AB1;CCT4;HYPK;PPID;COX19;AHSA1;HSPH1;HSPA8;DNAJA4;TSC1;TBCD;DNAJA1;DNAJB2;RIC8B;PDIA5;P4HB;RUVBL2;HSPD1;PPIA;CLU;NUDC;HSP90AA1;PDIA4;HSPA9	0.610526878385931	seven_family_primary_axis															
min30_primary	30	primary	Oligo	FTD_vs_Ctrl_mean	protein_stabilization	Protein stabilization	1.60945522210013	0.000389038718375469	0.000680817757157071	0.000680817757157071	0.00122547196288273	positive	192	0.307661762012447	16304	HSPB1;BAG2;PTGES3;SMAD3;RTN4;NAA16;UBE2B;SOX4;HIP1;BAG3;MORC3;PIM1;HSPA1B;HSPA1A;MT3;CCT3;HSP90AB1;CCT4;MAPK8IP3;HYPK;PARK7;PYHIN1;PINK1;TSC1;PEX6;PPARGC1A;RUVBL2;HSPD1;CLU;PARVA;FLNA;PRKCD;BAG6;HSP90AA1;CHEK2;TMC8;RASSF2;GAPDH;SPAG1;CCT7;WFS1;MCM8;STUB1;PIN1;TCP1;USP27X;UXT;VHL;LAMP1;MSX1;FLOT2;RPL23;USP33;RPAP3;CCT5;CCNH;PRKRA;HCFC1;CDKN2A;TNIP2;CAMLG;EP300;ZSWIM7;APOA1;CBLB;STK4;LAMP2;ATM;CCT6A;USP36;PFDN5	0.49849310876659	seven_family_primary_axis															
min30_primary	30	primary	Oligo	FTD_vs_Ctrl_mean	small_GTPase	Small GTPase	1.83903316513648	0.00000715278874745322	0.0000250347606160863	0.0000250347606160863	0.000064375098727079	positive	162	0.358418250840997	16304	ARHGAP35;ARHGAP25;RASGEF1B;DOCK7;ARHGAP20;ARHGEF10;SOS1;FAM13A;TIAM2;DOCK11;SIPA1L3;ARHGAP31;RAPGEF1;ARHGAP10;RIT2;ABR;RALGPS2;RAP1GAP2;RAPGEF4;ARHGAP18;RASGRP3;RALGDS;RUNDC3A;SIAH2;DOCK1;RALGAPA2;GNA13;CHN1;RACGAP1;CCDC88A;ARAP1;RAPGEF2;RAC3;ARHGAP24;DNMBP;RALGPS1;STARD13;RGL3;ARHGAP5;RRAD;SIPA1L2;ARHGAP12;MCF2L;ITSN1;PLCE1;RRAGC;OBSCN;DOCK8;TRIO;BCR;SOS2;ARHGAP39;ARHGEF12;SIPA1;SRGAP2;ARHGAP26;RND2;DOCK10;RALGAPB;DIRAS2;ARHGEF11;RASGRF1;RHOBTB1;MYO9B;RHOA;ARHGAP44;ARHGAP11A;MCF2;RAC1;ARHGAP32;GDI1;FGD3;DVL2;RAPGEF3;AKAP13	0.610526878385931	seven_family_primary_axis															
min30_primary	30	primary	Oligo	FTD_vs_Ctrl_mean	synapse_junction	Synapse / junction assembly	1.30779727341311	0.0891366746374728	0.103992787077052	0.103992787077052	0.127627511412745	positive	65	0.30159508314852	16304	MAPT;FARP1;PLXNA4;FLRT3;GPM6A;PLXNA1;SPOCK2;GPHN;GRIA1;MAP1B;NRCAM;SDK1;DSCAM;PLXNB2;ZDHHC2;NRG3;DNER	0.287805130535564	seven_family_primary_axis															
min30_primary	30	primary	Oligo	ALS_vs_FTD_mean	axon_development	Axon development	-1.88157198157206	0.000171474831882252	0.000600161911587883	0.000600161911587883	0.000771636743470135	negative	78	-0.422441087877532	16304	MAP7D2;RAB3A;S100A6;NMNAT2;CNTN4;STK11;APLP2;BAIAP2;GPM6B;NTNG1;MAPT;DOCK7;NPR2;MGARP;SLITRK5;MAPK8IP3;TAOK2;CAMSAP2;RAB10;CELSR2;APP;CNTNAP1;PITPNA;CTNNA2;NRCAM;PARD3;MAP1B;SHTN1;MARK2	0.518848077743792	seven_family_primary_axis															
min30_primary	30	primary	Oligo	ALS_vs_FTD_mean	heat_response	Heat response	-0.93445139239187	0.55868544600939	0.55868544600939	0.55868544600939	0.596562425399857	negative	23	-0.269364083952916	16304	HSPB1;SOD1;EIF2B3;MAP2K7;DNAJA2;DNAJA1;DNAJA4;HSP90AA1	0.0817515582532145	seven_family_primary_axis															
min30_primary	30	primary	Oligo	ALS_vs_FTD_mean	mitochondrial_energy	Mitochondrial energy	-2.19372712824255	0.000107232852553699	0.000600161911587883	0.000600161911587883	0.000562972475906921	negative	22	-0.647310605042217	16304	UQCRC1;UQCRB;COX6C;COX7B;COX7C;COX6B1;UQCRH;C2orf69;COX7A2;COX6A1;COX4I1;NDUFA12;COX5A;MT-CO1;COX5B;NDUFB6	0.538434096309916	seven_family_primary_axis															
min30_primary	30	primary	Oligo	ALS_vs_FTD_mean	protein_folding	Protein folding	-1.58964458798259	0.000971926169787948	0.00226782772950521	0.00226782772950521	0.00291577850936384	negative	152	-0.319848168119665	16304	HSPB1;ZMYND10;BAG2;CLU;HSPA4;HSPA4L;PTGES3;CHORDC1;DNAJB1;FKBP4;RIC8B;DNAJB6;HSPH1;HYPK;PPIA;CCT2;TBCE;ST13;RUVBL2;CCT3;KHSRP;BAG3;AHSA1;ATPAF2;PPID;CCT4;TSC1;P4HB;COA3;CCT7;NUDC;HSP90AB1;PFDN4;CCT6A;MKKS;HSPD1;CCT5;GRPEL1;HSPA9;DNAJA2;DNAJA1	0.477270815362862	seven_family_primary_axis															
min30_primary	30	primary	Oligo	ALS_vs_FTD_mean	protein_stabilization	Protein stabilization	-1.43802007800456	0.00478661616308233	0.00670126262831526	0.00670126262831526	0.0115983391643918	negative	192	-0.280510792042708	16304	HSPB1;NAA16;HIP1;SOX4;BAG2;CLU;RTN4;SMAD3;PINK1;PTGES3;PARVA;HSPA1B;PPARGC1A;HYPK;MSX1;USP27X;CCT2;MAPK8IP3;PIM1;RUVBL2;CCT3;BAG3;CHEK2;CCT4;UBE2B;TSC1;CCT7;PARK7;HSP90AB1;MT3;WFS1;HSPA1A;CCT6A;HSPD1;CCT5;BAG6;WDR81;CCNH;APOA1;STUB1;STK4;LAMP1;FLNA;CAMLG;MORC3;PYHIN1;CBLB;TCP1;RASSF2;SPAG1;VHL;LAMP2;PFDN5;RPAP3;MCM8;PIN1;EGLN3;HCFC1;CCT8;PRKCD;FBXW7;HSP90AA1;RPL23;PEX6;TMC8	0.407017918923954	seven_family_primary_axis															
min30_primary	30	primary	Oligo	ALS_vs_FTD_mean	small_GTPase	Small GTPase	-1.49296886697339	0.00346217368571853	0.00605880395000743	0.00605880395000743	0.0087246776880107	negative	162	-0.295436855248697	16304	ARHGAP10;ARHGAP20;RAP1GAP2;ARHGAP35;STARD13;RASGEF1B;RUNDC3A;FAM13A;RIT2;ARHGAP25;ARHGAP18;RAPGEF1;ARHGEF10;RALGPS2;CHN1;DOCK7;SOS1;SIPA1L3;ABR;TIAM2;ARHGAP24;DOCK11;RASGRP3;DIRAS2;FAM13B;DOCK5;SOS2;RALGDS;DEF6;CCDC88A;DOCK1;ARHGAP31;ARHGAP44;RAC1;RALGAPB;RAPGEF4;ARHGAP12;RHOA;ARAP1;PLCE1;RALGAPA2;RND2;ARHGAP4;ARHGAP5;RAPGEF2;RAC3;ARHGAP11A;RHOBTB1;RGL3;DNMBP;ARHGAP15;GNA13;RRAGC;RABIF;KRIT1;RRAD;OBSCN	0.431707695803346	seven_family_primary_axis															
min30_primary	30	primary	Oligo	ALS_vs_FTD_mean	synapse_junction	Synapse / junction assembly	-1.34846461211024	0.0775379552011636	0.0904609477346908	0.0904609477346908	0.116306932801745	negative	65	-0.31616515848568	16304	GRIA1;PLXNA4;SPOCK2;FARP1;MAPT;PLXNA1;SDK1;GPM6A;FLRT3;ZDHHC2;PLXNB2;RHOA;NRCAM;MAP1B;NRG3;DSCAM;GPHN;KIRREL3	0.287805130535564	seven_family_primary_axis															
	30		Exc_deep	ALS_region_interaction														shortlist_region_interaction	ALS_focused	COX7C	0.869896091700805	4.91564042087746	3.24087772857592	0.00447070641621001	0.998912283529694	2.26091890838026	0.0183480535450017	0.999998055253224	23	12	0.587484901762905	0.292624207775199	0.94866624651063
	30		Exc_deep	ALS_region_interaction														shortlist_region_interaction	ALS_focused	MAPT	-0.168437436890477	8.46780102343132	-1.54164048747779	0.139122791959701	0.998912283529694	0	0.801882616373385	0.999998055253224	23	12	0.587484901762905	0.734421877480766	0.9999999293206
	30		Exc_deep	ALS_region_interaction														shortlist_region_interaction	ALS_focused	HSP90AB1	0.283997544298831	7.5619686727519	1.40097112363236	0.177999397471207	0.998912283529694	0.103411991546383	0.466670619286733	0.999998055253224	23	12	0.587484901762905	0.774894220313795	0.9999999293206
	30		Exc_deep	ALS_region_interaction														shortlist_region_interaction	ALS_focused	HSP90AA1	0.327409889384159	7.60785620323154	1.30197972726942	0.209937238030643	0.998912283529694	0.255995854839309	0.415964679225433	0.999998055253224	23	12	0.587484901762905	0.80174499497704	0.9999999293206
	30		Exc_deep	ALS_region_interaction														shortlist_region_interaction	ALS_focused	STARD13	0.149264741590921	7.74063288026508	1.23082608683382	0.232927989683364	0.998912283529694	0	0.821664226910533	0.999998055253224	23	12	0.587484901762905	0.817925692101326	0.9999999293206
	30		Exc_deep	ALS_region_interaction														shortlist_region_interaction	ALS_focused	BCR	-0.192211868602446	5.26378733795881	-1.06107762399602	0.301531723300622	0.998912283529694	0	0.660394844742651	0.999998055253224	23	12	0.587484901762905	0.856618828240349	0.9999999293206
	30		Exc_deep	ALS_region_interaction														shortlist_region_interaction	ALS_focused	DOCK7	-0.112694850346048	6.77069061669404	-0.938969273425076	0.359153878672378	0.998912283529694	0	0.890147250650922	0.999998055253224	23	12	0.587484901762905	0.882133836555281	0.9999999293206
	30		Exc_deep	ALS_region_interaction														shortlist_region_interaction	ALS_focused	CCT5	0.17657476220946	4.74791081840324	0.90521027416273	0.376327151240653	0.998912283529694	0	0.686687887948951	0.999998055253224	23	12	0.587484901762905	0.889200783237396	0.9999999293206
	30		Exc_deep	ALS_region_interaction														shortlist_region_interaction	ALS_focused	COA3	0.179602249013786	3.36640472765046	0.625957564288959	0.538551365200506	0.998912283529694	0	0.682299776811957	0.999998055253224	23	12	0.587484901762905	0.937101344679338	0.9999999293206
	30		Exc_deep	ALS_region_interaction														shortlist_region_interaction	ALS_focused	MAP1B	0.0877450235709993	9.86842461761944	0.59671587025646	0.557514935978402	0.998912283529694	0	0.889908367581158	0.999998055253224	23	12	0.587484901762905	0.941822386209372	0.9999999293206
	30		Exc_deep	ALS_region_interaction														shortlist_region_interaction	ALS_focused	PARK7	0.145180059901134	4.63300198028568	0.550258605950211	0.588551433091396	0.998912283529694	0	0.739077945387808	0.999998055253224	23	12	0.587484901762905	0.948346313907043	0.9999999293206
	30		Exc_deep	ALS_region_interaction														shortlist_region_interaction	ALS_focused	COX5B	0.157446688883316	4.35474039700407	0.461479754633255	0.65004599986765	0.998912283529694	0	0.736635417721369	0.999998055253224	23	12	0.587484901762905	0.959094348456593	0.9999999293206
	30		Exc_deep	ALS_region_interaction														shortlist_region_interaction	ALS_focused	BAG3	0.174852073235788	0.604423377797668	0.380695187504471	0.707516677615782	0.998912283529694	0	0.751133317488856	0.999998055253224	23	12	0.587484901762905	0.968172573584406	0.9999999293206
	30		Exc_deep	ALS_region_interaction														shortlist_region_interaction	ALS_focused	ARHGAP39	0.0247239520940274	5.23371147044745	0.163558942713116	0.871750050143127	0.998912283529694	0	0.970418996699632	0.999998055253224	23	12	0.587484901762905	0.988421103479154	0.9999999293206
	30		Exc_deep	ALS_region_interaction														shortlist_region_interaction	ALS_focused	CHORDC1	-0.0288518391088175	5.63984788710695	-0.0964316175208641	0.924278976738045	0.998912283529694	0	0.949161409439752	0.999998055253224	23	12	0.587484901762905	0.993481481929113	0.9999999293206
	30		Exc_deep	ALS_region_interaction														shortlist_region_interaction	ALS_focused	CCT8	0.0155825132846426	4.88870044472979	0.0808348324812505	0.936391524126397	0.998912283529694	0	0.974966947352081	0.999998055253224	23	12	0.587484901762905	0.994495644598231	0.9999999293206
	30		Exc_deep	ALS_region_interaction														shortlist_region_interaction	ALS_focused	ARHGAP35	-0.0114374703728108	6.36982082211508	-0.0794184552387969	0.937503581566298	0.998912283529694	0	0.987578629538697	0.999998055253224	23	12	0.587484901762905	0.994600988303277	0.9999999293206
	30		Exc_intermediate	ALS_region_interaction														shortlist_region_interaction	ALS_focused	MAPT	-0.289840070936481	8.40803855167381	-2.49501198723851	0.0223538049289489	0.997352179873981	-0.230749514865264	0.410108660807428	0.999991370713449	22	12	0.539711109036388	0.452427217883847	0.9999999293206
	30		Exc_intermediate	ALS_region_interaction														shortlist_region_interaction	ALS_focused	COX5B	0.558374198186979	4.59141478626155	2.17204454335911	0.0432760258901195	0.997352179873981	1.14885534915554	0.135207674325564	0.999991370713449	22	12	0.539711109036388	0.545706398539234	0.9999999293206
	30		Exc_intermediate	ALS_region_interaction														shortlist_region_interaction	ALS_focused	COX7C	0.739845605393041	5.2684732099087	2.09677859335682	0.0516978211715531	0.997352179873981	1.35131912526194	0.103121608876972	0.999991370713449	22	12	0.539711109036388	0.573200245905719	0.9999999293206
	30		Exc_intermediate	ALS_region_interaction														shortlist_region_interaction	ALS_focused	HSP90AB1	0.398468047360248	7.97903328365845	1.73147176932719	0.100889193987499	0.997352179873981	0.588502713012336	0.286974994195296	0.999991370713449	22	12	0.539711109036388	0.682409379920672	0.9999999293206
	30		Exc_intermediate	ALS_region_interaction														shortlist_region_interaction	ALS_focused	HSP90AA1	0.505222340615287	7.95395773209933	1.73253021350029	0.101761976229917	0.997352179873981	0.830521298490415	0.217860377892956	0.999991370713449	22	12	0.539711109036388	0.683594803857969	0.9999999293206
	30		Exc_intermediate	ALS_region_interaction														shortlist_region_interaction	ALS_focused	PARK7	0.329829205263852	5.16611964072007	1.45982922364036	0.161278105943226	0.997352179873981	0.295634827477428	0.393938609017344	0.999991370713449	22	12	0.539711109036388	0.758391651394281	0.9999999293206
	30		Exc_intermediate	ALS_region_interaction														shortlist_region_interaction	ALS_focused	COA3	0.58373057461867	3.59406507534356	1.37728218868543	0.185692178497304	0.997352179873981	0.756666072418094	0.260342658935469	0.999991370713449	22	12	0.539711109036388	0.782169139439289	0.9999999293206
	30		Exc_intermediate	ALS_region_interaction														shortlist_region_interaction	ALS_focused	STARD13	-0.257008311303811	7.0013247286353	-1.28929269099227	0.213477994175377	0.997352179873981	0	0.520734256596183	0.999991370713449	22	12	0.539711109036388	0.804232652319985	0.9999999293206
	30		Exc_intermediate	ALS_region_interaction														shortlist_region_interaction	ALS_focused	BCR	-0.274837369267313	5.59059605596581	-1.24259743705818	0.22971880006254	0.997352179873981	-0.0533636752210248	0.491766011339196	0.999991370713449	22	12	0.539711109036388	0.81556168311948	0.9999999293206
	30		Exc_intermediate	ALS_region_interaction														shortlist_region_interaction	ALS_focused	DOCK7	-0.166666681589579	6.5225681570177	-1.12064599793912	0.27691892160592	0.997352179873981	0	0.742299394894507	0.999991370713449	22	12	0.539711109036388	0.84376967833222	0.9999999293206
	30		Exc_intermediate	ALS_region_interaction														shortlist_region_interaction	ALS_focused	MAP1B	0.198062042003537	9.87009996359929	0.9499439163574	0.354762484733306	0.997352179873981	0	0.640649527387565	0.999991370713449	22	12	0.539711109036388	0.88052901730361	0.9999999293206
	30		Exc_intermediate	ALS_region_interaction														shortlist_region_interaction	ALS_focused	ARHGAP35	-0.124006006264061	6.44915519957383	-0.855955388498204	0.403082630103957	0.997352179873981	0	0.832837585546995	0.999991370713449	22	12	0.539711109036388	0.898822929682321	0.9999999293206
	30		Exc_intermediate	ALS_region_interaction														shortlist_region_interaction	ALS_focused	BAG3	-0.28594988536971	0.73882060847076	-0.454772645804766	0.654635305788795	0.997352179873981	-0.0364446142195848	0.682636788104031	0.999991370713449	22	12	0.539711109036388	0.960077553239647	0.9999999293206
	30		Exc_intermediate	ALS_region_interaction														shortlist_region_interaction	ALS_focused	CCT8	-0.0779884249072849	5.13516743471863	-0.427060192219855	0.67431390070561	0.997352179873981	0	0.876907494921973	0.999991370713449	22	12	0.539711109036388	0.963163193268923	0.9999999293206
	30		Exc_intermediate	ALS_region_interaction														shortlist_region_interaction	ALS_focused	CHORDC1	0.119223204926215	5.68044895012513	0.409626257397103	0.687102893322194	0.997352179873981	0	0.789379479762462	0.999991370713449	22	12	0.539711109036388	0.965189703447331	0.9999999293206
	30		Exc_intermediate	ALS_region_interaction														shortlist_region_interaction	ALS_focused	CCT5	0.0256989521620392	4.84584752355063	0.107104362307796	0.915870730934567	0.997352179873981	0	0.954340887352594	0.999991370713449	22	12	0.539711109036388	0.992693111004868	0.9999999293206
	30		Exc_intermediate	ALS_region_interaction														shortlist_region_interaction	ALS_focused	ARHGAP39	0.0133228411149844	5.3904949786918	0.0778423224080435	0.938797631471906	0.997352179873981	0	0.980986017868856	0.999991370713449	22	12	0.539711109036388	0.994668842519734	0.9999999293206
	30		Exc_upper	ALS_region_interaction														shortlist_region_interaction	ALS_focused	COX7C	0.859902668539852	5.2103935968218	3.31783021214536	0.00413144403050474	0.512790210471529	2.30294384135301	0.0174191440608708	0.999999757262361	22	12	0.62888510625777	0.286488421529616	0.937070803885038
	30		Exc_upper	ALS_region_interaction														shortlist_region_interaction	ALS_focused	HSP90AB1	0.454434346819151	7.54108522609716	2.51753062659456	0.0218148191971616	0.678187425740669	1.0603406558765	0.15216941846713	0.999999757262361	22	12	0.62888510625777	0.449818203209803	0.9999999293206
	30		Exc_upper	ALS_region_interaction														shortlist_region_interaction	ALS_focused	COA3	0.694902136878566	3.39289215970292	2.40905243592669	0.0271532410329972	0.696187936225612	1.49717773806954	0.0779476568069264	0.999999757262361	22	12	0.62888510625777	0.478696938948944	0.9999999293206
	30		Exc_upper	ALS_region_interaction														shortlist_region_interaction	ALS_focused	PARK7	0.571113468033928	4.79605905216238	2.33540567697768	0.0318039975472593	0.697761622331651	1.25980147744898	0.113865831768742	0.999999757262361	22	12	0.62888510625777	0.501163597317353	0.9999999293206
	30		Exc_upper	ALS_region_interaction														shortlist_region_interaction	ALS_focused	DOCK7	-0.274113752509893	6.51629249878793	-2.13140305363432	0.0473713721205591	0.722120682767644	-0.0861487361414293	0.466452568995585	0.999999757262361	22	12	0.62888510625777	0.559661365956531	0.9999999293206
	30		Exc_upper	ALS_region_interaction														shortlist_region_interaction	ALS_focused	COX5B	0.57993408402919	4.49202942874997	2.02267277559429	0.0593849195528645	0.735306527166247	1.10527104602487	0.146970952571444	0.999999757262361	22	12	0.62888510625777	0.594769882682924	0.9999999293206
	30		Exc_upper	ALS_region_interaction														shortlist_region_interaction	ALS_focused	CCT8	0.230419053081825	5.01816830240593	1.77855908060264	0.0925305675951959	0.771342446518034	0	0.598592073401625	0.999999757262361	22	12	0.62888510625777	0.66737690290857	0.9999999293206
	30		Exc_upper	ALS_region_interaction														shortlist_region_interaction	ALS_focused	HSP90AA1	0.331035934266438	7.39479136323495	1.40648256416421	0.177876635427976	0.823796519468998	0.288920187136093	0.399106321501428	0.999999757262361	22	12	0.62888510625777	0.774833273104363	0.9999999293206
	30		Exc_upper	ALS_region_interaction														shortlist_region_interaction	ALS_focused	MAPT	-0.13221192192545	8.53536229722809	-1.32190310612351	0.203067352562733	0.837003364571104	0	0.89666303495296	0.999999757262361	22	12	0.62888510625777	0.79675633645838	0.9999999293206
	30		Exc_upper	ALS_region_interaction														shortlist_region_interaction	ALS_focused	STARD13	-0.28391058585876	6.37608015208232	-1.24805405693194	0.228963474342366	0.850788014704014	-0.0917704462994646	0.477931339697914	0.999999757262361	22	12	0.62888510625777	0.815218278135467	0.9999999293206
	30		Exc_upper	ALS_region_interaction														shortlist_region_interaction	ALS_focused	BCR	-0.17037810742383	5.56183934035826	-0.853117603008204	0.405109459782554	0.901612153517877	0	0.697805586298322	0.999999757262361	22	12	0.62888510625777	0.899555522073112	0.9999999293206
	30		Exc_upper	ALS_region_interaction														shortlist_region_interaction	ALS_focused	ARHGAP35	-0.0829985942919329	6.30492912706187	-0.774111359592653	0.449104080934916	0.909416609285001	0	0.947018195957016	0.999999757262361	22	12	0.62888510625777	0.913034777598923	0.9999999293206
	30		Exc_upper	ALS_region_interaction														shortlist_region_interaction	ALS_focused	CHORDC1	-0.133549430604429	5.66346183010331	-0.598262635880831	0.557420682194656	0.92769239013768	0	0.761937226194766	0.999999757262361	22	12	0.62888510625777	0.941822386209372	0.9999999293206
	30		Exc_upper	ALS_region_interaction														shortlist_region_interaction	ALS_focused	BAG3	0.585075155227137	-0.890198410156778	0.512434359184311	0.615135666510323	0.940934893416163	0.282057345235498	0.624721079924307	0.999999757262361	22	12	0.62888510625777	0.953233959415759	0.9999999293206
	30		Exc_upper	ALS_region_interaction														shortlist_region_interaction	ALS_focused	MAP1B	0.0526967239848677	9.60337323195597	0.331943052846698	0.743839089425214	0.963600787201865	0	0.930181535544707	0.999999757262361	22	12	0.62888510625777	0.973049593805911	0.9999999293206
	30		Exc_upper	ALS_region_interaction														shortlist_region_interaction	ALS_focused	CCT5	0.0171414458367112	4.78348656383257	0.0965973304728426	0.924133873485021	0.991119047342589	0	0.974506333314068	0.999999757262361	22	12	0.62888510625777	0.993458571899455	0.9999999293206
	30		Exc_upper	ALS_region_interaction														shortlist_region_interaction	ALS_focused	ARHGAP39	0.0109605762414713	5.65065492859556	0.0840804905945035	0.933938149020663	0.992577589676813	0	0.990425121334189	0.999999757262361	22	12	0.62888510625777	0.994352758221988	0.9999999293206
	30		Micro	ALS_region_interaction														shortlist_region_interaction	ALS_focused	MAPT	-2.39154320612687	4.94010245579825	-2.45130025853137	0.0257598558469202	0.673487920862795	-2.18169346013811	0.0294068561637503	0.999990433477721	24	12	0.440606856202687	0.471831024818889	0.9999999293206
	30		Micro	ALS_region_interaction														shortlist_region_interaction	ALS_focused	ARHGAP35	0.358255448522617	7.08815837089107	1.73292805395033	0.100960308022115	0.753330741481958	0.460596529326605	0.329359625496946	0.999990433477721	24	12	0.440606856202687	0.682489986744205	0.9999999293206
	30		Micro	ALS_region_interaction														shortlist_region_interaction	ALS_focused	COX7C	-2.89936265463131	2.05905725847892	-1.72780909594418	0.102084288789896	0.75366491359716	-1.57105973648756	0.105591752576938	0.999990433477721	24	12	0.440606856202687	0.6841454330395	0.9999999293206
	30		Micro	ALS_region_interaction														shortlist_region_interaction	ALS_focused	BCR	0.478984970799145	4.89248303783983	1.26348559054762	0.223237088225352	0.855211431938123	0.569642982010712	0.32148618635574	0.999990433477721	24	12	0.440606856202687	0.811121900397838	0.9999999293206
	30		Micro	ALS_region_interaction														shortlist_region_interaction	ALS_focused	DOCK7	0.243363234471539	6.77794404547827	1.21228139078822	0.241759954478254	0.868646909955502	0	0.549342312506713	0.999990433477721	24	12	0.440606856202687	0.824194907527707	0.9999999293206
	30		Micro	ALS_region_interaction														shortlist_region_interaction	ALS_focused	HSP90AA1	1.36285766530226	5.6894989773286	1.21305477356878	0.242253121712134	0.868971013160086	0.978932642011667	0.254225060353288	0.999990433477721	24	12	0.440606856202687	0.824376072254403	0.9999999293206
	30		Micro	ALS_region_interaction														shortlist_region_interaction	ALS_focused	CCT5	-0.707162560909517	4.30246878700191	-0.589546343110545	0.56351068215427	0.947498736828564	-0.370260169543716	0.573039558606299	0.999990433477721	24	12	0.440606856202687	0.943210795471342	0.9999999293206
	30		Micro	ALS_region_interaction														shortlist_region_interaction	ALS_focused	CCT8	0.220769780809048	5.02598585472391	0.586959380249311	0.564840465663323	0.947498736828564	0	0.651761578457071	0.999990433477721	24	12	0.440606856202687	0.943448086709152	0.9999999293206
	30		Micro	ALS_region_interaction														shortlist_region_interaction	ALS_focused	STARD13	0.163244465111159	7.99397172132348	0.366145643222468	0.718926023733909	0.965990692819932	0	0.763605910732029	0.999990433477721	24	12	0.440606856202687	0.969773922986002	0.9999999293206
	30		Micro	ALS_region_interaction														shortlist_region_interaction	ALS_focused	CHORDC1	0.108130473697861	5.74959616014824	0.340078512324267	0.737906470008197	0.969683288836254	0	0.81335117919183	0.999990433477721	24	12	0.440606856202687	0.972124712331789	0.9999999293206
	30		Micro	ALS_region_interaction														shortlist_region_interaction	ALS_focused	MAP1B	-0.427241154513361	2.78361724455898	-0.245774552708616	0.808807888659072	0.981100286118898	-0.0944614997457945	0.811054072584342	0.999990433477721	24	12	0.440606856202687	0.981797471697008	0.9999999293206
	30		Astro	ALS_region_interaction														shortlist_region_interaction	all_disease_core_glia	COX7C	-3.62985721138581	3.10057595614045	-2.87264886723828	0.00900521453228509	0.999279905121546	-2.66448489715344	0.0099787648648589	0.999883779288817	31	16	0.579643633572217	0.351154078217021	0.827039579475634
	30		Astro	ALS_region_interaction														shortlist_region_interaction	all_disease_core_glia	MAP1B	3.05065573290416	3.88509957987961	2.5393628344432	0.0189241002814521	0.999279905121546	2.32041325348923	0.020967166745507	0.999883779288817	31	16	0.579643633572217	0.431425048744524	0.976979402530891
	30		Astro	ALS_region_interaction														shortlist_region_interaction	all_disease_core_glia	PARK7	-2.87985058307349	2.05173316147389	-1.84764285392226	0.0785364256051377	0.999279905121546	-1.67888630692258	0.0821109273091266	0.999883779288817	31	16	0.579643633572217	0.639929887835796	0.9999999293206
	30		Astro	ALS_region_interaction														shortlist_region_interaction	all_disease_core_glia	BCR	-0.236253165170294	7.41928113301081	-1.21775174970968	0.236296477604753	0.999279905121546	0	0.562954245822058	0.999883779288817	31	16	0.579643633572217	0.820223376717378	0.9999999293206
	30		Astro	ALS_region_interaction														shortlist_region_interaction	all_disease_core_glia	ARHGAP39	0.32040480736435	6.23530435019446	1.04888341200641	0.30587908541418	0.999279905121546	0.18780886279624	0.461178234820154	0.999883779288817	31	16	0.579643633572217	0.858599941685428	0.9999999293206
	30		Astro	ALS_region_interaction														shortlist_region_interaction	all_disease_core_glia	CCT8	-0.606958012605331	3.62161988975179	-1.01648683838314	0.320762124066902	0.999279905121546	-0.57597694145583	0.365145550106701	0.999883779288817	31	16	0.579643633572217	0.866008490040526	0.9999999293206
	30		Astro	ALS_region_interaction														shortlist_region_interaction	all_disease_core_glia	STARD13	-0.233189544339366	8.65748070065489	-0.954209255660505	0.350461483534077	0.999279905121546	0	0.5753904834063	0.999883779288817	31	16	0.579643633572217	0.878740347337812	0.9999999293206
	30		Astro	ALS_region_interaction														shortlist_region_interaction	all_disease_core_glia	COA3	-0.935255754836102	0.0283665649246858	-0.816294955276772	0.423254598901905	0.999279905121546	-0.58671747613688	0.435341217842371	0.999883779288817	31	16	0.579643633572217	0.905335203125928	0.9999999293206
	30		Astro	ALS_region_interaction														shortlist_region_interaction	all_disease_core_glia	HSP90AA1	0.648945354052438	6.64684587932546	0.505991642083482	0.618039573203704	0.999279905121546	0.300900088378423	0.625557592609579	0.999883779288817	31	16	0.579643633572217	0.953792798614453	0.9999999293206
	30		Astro	ALS_region_interaction														shortlist_region_interaction	all_disease_core_glia	MAPT	0.083442032617338	8.45637059268682	0.494814706516501	0.62566617324698	0.999279905121546	0	0.876779225016179	0.999883779288817	31	16	0.579643633572217	0.955101147838679	0.9999999293206
	30		Astro	ALS_region_interaction														shortlist_region_interaction	all_disease_core_glia	BAG3	-0.165868132193116	6.79416518892355	-0.345943490743511	0.7327658421262	0.999279905121546	0	0.769835330360957	0.999883779288817	31	16	0.579643633572217	0.971539786327883	0.9999999293206
	30		Astro	ALS_region_interaction														shortlist_region_interaction	all_disease_core_glia	CHORDC1	0.14496980295239	5.14159049666161	0.313612633213433	0.756854178563271	0.999279905121546	0	0.7932006975092	0.999883779288817	31	16	0.579643633572217	0.974794657289618	0.9999999293206
	30		Astro	ALS_region_interaction														shortlist_region_interaction	all_disease_core_glia	COX5B	0.403633025892444	1.33644013127923	0.301221286521115	0.766155532092708	0.999279905121546	0.104925252643834	0.770657581150699	0.999883779288817	31	16	0.579643633572217	0.976093443223443	0.9999999293206
	30		Astro	ALS_region_interaction														shortlist_region_interaction	all_disease_core_glia	ARHGAP35	-0.0461565037840215	7.31492327451579	-0.201702899167501	0.842013652610252	0.999279905121546	0	0.918423719813322	0.999883779288817	31	16	0.579643633572217	0.985455198657741	0.9999999293206
	30		Astro	ALS_region_interaction														shortlist_region_interaction	all_disease_core_glia	HSP90AB1	0.184169379711208	3.20768151374695	0.175130652013079	0.862624761579995	0.999279905121546	0	0.866991573372936	0.999883779288817	31	16	0.579643633572217	0.987398537772642	0.9999999293206
	30		Astro	ALS_region_interaction														shortlist_region_interaction	all_disease_core_glia	DOCK7	-0.0274673848567772	9.18567891879862	-0.15385375751252	0.879136157530051	0.999279905121546	0	0.958682559128457	0.999883779288817	31	16	0.579643633572217	0.989253042965599	0.9999999293206
	30		Astro	ALS_region_interaction														shortlist_region_interaction	all_disease_core_glia	CCT5	-0.014353816839356	3.05246219496815	-0.0137974681490562	0.989119492394477	0.999279905121546	0	0.989476965751424	0.999883779288817	31	16	0.579643633572217	0.999182206856058	0.9999999293206
	30		Astro	FTD_region_interaction														shortlist_region_interaction	all_disease_core_glia	BCR	-0.608086483394086	7.41928113301081	-2.58427319693174	0.0169725377160732	0.810057713408621	-1.4664177874955	0.0790113553581761	0.999993366449323	31	16	0.579643633572217	0.417542967688965	0.9999999293206
	30		Astro	FTD_region_interaction														shortlist_region_interaction	all_disease_core_glia	PARK7	-1.23814767171656	2.05173316147389	-1.05301526850625	0.304088835393142	0.983092342974864	-0.829310736476196	0.315742148420492	0.999993366449323	31	16	0.579643633572217	0.857901449451646	0.9999999293206
	30		Astro	FTD_region_interaction														shortlist_region_interaction	all_disease_core_glia	MAP1B	1.14298359075922	3.88509957987961	1.01049875536589	0.323555366656844	0.983092342974864	0.77795303742002	0.336214972830136	0.999993366449323	31	16	0.579643633572217	0.867408026458993	0.9999999293206
	30		Astro	FTD_region_interaction														shortlist_region_interaction	all_disease_core_glia	DOCK7	-0.182777920667586	9.18567891879862	-0.860647238417164	0.398771223730685	0.992293318117086	0	0.669211438158931	0.999993366449323	31	16	0.579643633572217	0.897312118978443	0.9999999293206
	30		Astro	FTD_region_interaction														shortlist_region_interaction	all_disease_core_glia	CHORDC1	0.397915034335498	5.14159049666161	0.74253917324548	0.465840523648971	0.992293318117086	0.251697326645975	0.517249595765713	0.999993366449323	31	16	0.579643633572217	0.917826851941917	0.9999999293206
	30		Astro	FTD_region_interaction														shortlist_region_interaction	all_disease_core_glia	COX5B	0.894627311741765	1.33644013127923	0.729255021313916	0.473758881896511	0.992293318117086	0.514842652369846	0.48391270256614	0.999993366449323	31	16	0.579643633572217	0.920312945731018	0.9999999293206
	30		Astro	FTD_region_interaction														shortlist_region_interaction	all_disease_core_glia	COA3	0.78098512682445	0.0283665649246858	0.70472842278368	0.48851892386683	0.992293318117086	0.467377139648734	0.50075023314781	0.999993366449323	31	16	0.579643633572217	0.92464379486753	0.9999999293206
	30		Astro	FTD_region_interaction														shortlist_region_interaction	all_disease_core_glia	HSP90AB1	0.643241074825385	3.20768151374695	0.597595130319449	0.556386738727338	0.996539466836589	0.353226282954695	0.568252122020463	0.999993366449323	31	16	0.579643633572217	0.94165643091748	0.9999999293206
	30		Astro	FTD_region_interaction														shortlist_region_interaction	all_disease_core_glia	BAG3	0.262574869029252	6.79416518892355	0.457597902148842	0.651857143632311	0.996539466836589	0	0.685257998819454	0.999993366449323	31	16	0.579643633572217	0.95946573616197	0.9999999293206
	30		Astro	FTD_region_interaction														shortlist_region_interaction	all_disease_core_glia	HSP90AA1	0.640423273782684	6.64684587932546	0.430102934928972	0.671424494163323	0.996539466836589	0.253451219465548	0.676371569769765	0.999993366449323	31	16	0.579643633572217	0.962720727173455	0.9999999293206
	30		Astro	FTD_region_interaction														shortlist_region_interaction	all_disease_core_glia	COX7C	-0.467474205351267	3.10057595614045	-0.418757386442764	0.679569900323094	0.996539466836589	-0.183134545501801	0.688130956831205	0.999993366449323	31	16	0.579643633572217	0.963906747201571	0.9999999293206
	30		Astro	FTD_region_interaction														shortlist_region_interaction	all_disease_core_glia	MAPT	-0.0584310157953745	8.45637059268682	-0.289394675902617	0.77500551733586	0.996539466836589	0	0.901866261938464	0.999993366449323	31	16	0.579643633572217	0.977254332157127	0.9999999293206
	30		Astro	FTD_region_interaction														shortlist_region_interaction	all_disease_core_glia	CCT5	0.325110462542621	3.05246219496815	0.276440525718168	0.784864200732029	0.996539466836589	0.0527830990639043	0.790254391210044	0.999993366449323	31	16	0.579643633572217	0.978748926651221	0.9999999293206
	30		Astro	FTD_region_interaction														shortlist_region_interaction	all_disease_core_glia	ARHGAP35	0.066588727759556	7.31492327451579	0.244145464050403	0.809394390649096	0.996539466836589	0	0.880374544589906	0.999993366449323	31	16	0.579643633572217	0.981847807121104	0.9999999293206
	30		Astro	FTD_region_interaction														shortlist_region_interaction	all_disease_core_glia	ARHGAP39	-0.0669844968053566	6.23530435019446	-0.178290962675692	0.860163612760799	0.996539466836589	0	0.891153276229094	0.999993366449323	31	16	0.579643633572217	0.98725878766064	0.9999999293206
	30		Astro	FTD_region_interaction														shortlist_region_interaction	all_disease_core_glia	STARD13	-0.0414362733973412	8.65748070065489	-0.142863345219124	0.887713106013141	0.996539466836589	0	0.92614730786564	0.999993366449323	31	16	0.579643633572217	0.989822101437151	0.9999999293206
	30		Astro	FTD_region_interaction														shortlist_region_interaction	all_disease_core_glia	CCT8	-0.0952610058862504	3.62161988975179	-0.136929267047868	0.892367833983149	0.996539466836589	0	0.900047393600167	0.999993366449323	31	16	0.579643633572217	0.990356960577124	0.9999999293206
	30		OPC	ALS_region_interaction														shortlist_region_interaction	all_disease_core_glia	BCR	-0.324943044315191	7.28187755517402	-2.19012386501163	0.0375529233753804	0.999612580238344	-0.417265699206556	0.340184329145364	0.999994374975084	33	17	0.384809035974326	0.525315788153262	0.9999999293206
	30		OPC	ALS_region_interaction														shortlist_region_interaction	all_disease_core_glia	MAP1B	1.5321134761187	5.7281376525219	2.0998814882541	0.0473701671206091	0.999612580238344	1.73937223864972	0.0590164833339734	0.999994374975084	33	17	0.384809035974326	0.559661365956531	0.9999999293206
	30		OPC	ALS_region_interaction														shortlist_region_interaction	all_disease_core_glia	COA3	2.53720556808945	0.675897522606723	1.76965470818024	0.0888461312008216	0.999612580238344	1.58619299717364	0.0935414773208796	0.999994374975084	33	17	0.384809035974326	0.660497678815129	0.9999999293206
	30		OPC	ALS_region_interaction														shortlist_region_interaction	all_disease_core_glia	CCT5	-0.822960875111552	4.49557782558947	-1.50836534978419	0.144737136453948	0.999612580238344	-1.02626225647859	0.186711270010228	0.999994374975084	33	17	0.384809035974326	0.741233730400942	0.9999999293206
	30		OPC	ALS_region_interaction														shortlist_region_interaction	all_disease_core_glia	ARHGAP35	0.199798549787218	6.45736992527188	1.39931406041728	0.173379079739292	0.999612580238344	0	0.6708741119914	0.999994374975084	33	17	0.384809035974326	0.77041292511982	0.9999999293206
	30		OPC	ALS_region_interaction														shortlist_region_interaction	all_disease_core_glia	HSP90AB1	1.16830350818275	4.20356568279674	1.12398246623983	0.27302599431549	0.999612580238344	0.87092659667828	0.287670008210421	0.999994374975084	33	17	0.384809035974326	0.841730991592518	0.9999999293206
	30		OPC	ALS_region_interaction														shortlist_region_interaction	all_disease_core_glia	HSP90AA1	1.09777010589032	5.48856336372487	0.808188647534747	0.427761911835835	0.999612580238344	0.614540251057863	0.436364456031902	0.999994374975084	33	17	0.384809035974326	0.906470734267012	0.9999999293206
	30		OPC	ALS_region_interaction														shortlist_region_interaction	all_disease_core_glia	PARK7	-0.941513177460182	1.72047558154738	-0.694589103095492	0.494072750093085	0.999612580238344	-0.500538890729689	0.502226348175374	0.999994374975084	33	17	0.384809035974326	0.926064772342951	0.9999999293206
	30		OPC	ALS_region_interaction														shortlist_region_interaction	all_disease_core_glia	BAG3	-0.605118392105667	1.95947841601858	-0.690618946164806	0.495866239014302	0.999612580238344	-0.390418941451845	0.515097824179293	0.999994374975084	33	17	0.384809035974326	0.926555194769787	0.9999999293206
	30		OPC	ALS_region_interaction														shortlist_region_interaction	all_disease_core_glia	CCT8	0.385005381990734	4.02765951397564	0.640264627135413	0.528234525775135	0.999612580238344	0.202837947788338	0.56659978232824	0.999994374975084	33	17	0.384809035974326	0.934885206869232	0.9999999293206
	30		OPC	ALS_region_interaction														shortlist_region_interaction	all_disease_core_glia	COX7C	0.538496615302289	1.52147940052079	0.346034000389301	0.732435972875759	0.999612580238344	0.177010008215095	0.73621149075722	0.999994374975084	33	17	0.384809035974326	0.971539786327883	0.9999999293206
	30		OPC	ALS_region_interaction														shortlist_region_interaction	all_disease_core_glia	MAPT	-0.0814219202410378	8.59837174267579	-0.301818023083062	0.765298295339139	0.999612580238344	0	0.853211714015973	0.999994374975084	33	17	0.384809035974326	0.975958572183939	0.9999999293206
	30		OPC	ALS_region_interaction														shortlist_region_interaction	all_disease_core_glia	COX5B	0.398997759430832	0.77839713167362	0.251263387531164	0.803634105452759	0.999612580238344	0.0856210642726969	0.806346452668438	0.999994374975084	33	17	0.384809035974326	0.981196795139703	0.9999999293206
	30		OPC	ALS_region_interaction														shortlist_region_interaction	all_disease_core_glia	DOCK7	-0.0366966168535674	6.53025923453371	-0.17122793483056	0.8653524387628	0.999612580238344	0	0.936548187740473	0.999994374975084	33	17	0.384809035974326	0.987718043057529	0.9999999293206
	30		OPC	ALS_region_interaction														shortlist_region_interaction	all_disease_core_glia	ARHGAP39	0.0505367222657229	3.89391724949996	0.161828953970956	0.8726748390862	0.999612580238344	0	0.911152399360845	0.999994374975084	33	17	0.384809035974326	0.988495698802468	0.9999999293206
	30		OPC	ALS_region_interaction														shortlist_region_interaction	all_disease_core_glia	CHORDC1	-0.0614470744946871	5.54533619504711	-0.1104935159212	0.912993968783652	0.999612580238344	0	0.92249911687922	0.999994374975084	33	17	0.384809035974326	0.992468428848173	0.9999999293206
	30		OPC	ALS_region_interaction														shortlist_region_interaction	all_disease_core_glia	STARD13	0.0172396169948081	6.35058135497532	0.0736831433798844	0.941818915153829	0.999612580238344	0	0.9693040860014	0.999994374975084	33	17	0.384809035974326	0.994863311210638	0.9999999293206
	30		OPC	FTD_region_interaction														shortlist_region_interaction	all_disease_core_glia	BCR	-0.616075062280089	7.28187755517402	-3.60767663566431	0.0012699860024622	0.999628376453519	-2.06737231496937	0.0243355281991447	0.999988408522672	33	17	0.384809035974326	0.208603102151402	0.9999999293206
	30		OPC	FTD_region_interaction														shortlist_region_interaction	all_disease_core_glia	COA3	2.04880540186606	0.675897522606723	1.3490733032753	0.189272517362024	0.999628376453519	1.17587349892587	0.19547522140482	0.999988408522672	33	17	0.384809035974326	0.785272611165899	0.9999999293206
	30		OPC	FTD_region_interaction														shortlist_region_interaction	all_disease_core_glia	COX7C	1.91018198167127	1.52147940052079	1.32892098806138	0.196798545002854	0.999628376453519	1.14592693521781	0.203785065729071	0.999988408522672	33	17	0.384809035974326	0.791481147487957	0.9999999293206
	30		OPC	FTD_region_interaction														shortlist_region_interaction	all_disease_core_glia	COX5B	1.95814073790504	0.77839713167362	1.27425146709053	0.214121084708935	0.999628376453519	1.10308298515211	0.2204603955556	0.999988408522672	33	17	0.384809035974326	0.80482190812383	0.9999999293206
	30		OPC	FTD_region_interaction														shortlist_region_interaction	all_disease_core_glia	HSP90AA1	1.20828694174093	5.48856336372487	0.83892700569836	0.410665781418588	0.999628376453519	0.65629930456319	0.418397210934471	0.999988408522672	33	17	0.384809035974326	0.901390587897507	0.9999999293206
	30		OPC	FTD_region_interaction														shortlist_region_interaction	all_disease_core_glia	CCT8	0.469664063089957	4.02765951397564	0.695008607148476	0.493909214813507	0.999628376453519	0.305770446519488	0.525907054267796	0.999988408522672	33	17	0.384809035974326	0.926038979622797	0.9999999293206
	30		OPC	FTD_region_interaction														shortlist_region_interaction	all_disease_core_glia	STARD13	-0.166913018418449	6.35058135497532	-0.620154974319901	0.540481485168044	0.999628376453519	0	0.699126561946575	0.999988408522672	33	17	0.384809035974326	0.937684730360612	0.9999999293206
	30		OPC	FTD_region_interaction														shortlist_region_interaction	all_disease_core_glia	HSP90AB1	0.653715509245032	4.20356568279674	0.613437798632515	0.545820446385648	0.999628376453519	0.366609867219902	0.558108567295851	0.999988408522672	33	17	0.384809035974326	0.939063709110347	0.9999999293206
	30		OPC	FTD_region_interaction														shortlist_region_interaction	all_disease_core_glia	DOCK7	-0.150072217252881	6.53025923453371	-0.598697725904186	0.554485933935436	0.999628376453519	0	0.727644358322996	0.999988408522672	33	17	0.384809035974326	0.941133019842658	0.9999999293206
	30		OPC	FTD_region_interaction														shortlist_region_interaction	all_disease_core_glia	ARHGAP35	0.0897724098779271	6.45736992527188	0.550566527501737	0.586567823873023	0.999628376453519	0	0.871061384646694	0.999988408522672	33	17	0.384809035974326	0.947971109652833	0.9999999293206
	30		OPC	FTD_region_interaction														shortlist_region_interaction	all_disease_core_glia	BAG3	0.458343904935718	1.95947841601858	0.458977787768907	0.650027681972163	0.999628376453519	0.195579609246962	0.661447273622868	0.999988408522672	33	17	0.384809035974326	0.959094348456593	0.9999999293206
	30		OPC	FTD_region_interaction														shortlist_region_interaction	all_disease_core_glia	CHORDC1	0.247013513348991	5.54533619504711	0.394633829172582	0.69681505528157	0.999628376453519	0	0.721927686238742	0.999988408522672	33	17	0.384809035974326	0.966693391572786	0.9999999293206
	30		OPC	FTD_region_interaction														shortlist_region_interaction	all_disease_core_glia	PARK7	0.44858750373025	1.72047558154738	0.350083578311729	0.729371006081279	0.999628376453519	0.14480807409535	0.734973288844926	0.999988408522672	33	17	0.384809035974326	0.971188510985503	0.9999999293206
	30		OPC	FTD_region_interaction														shortlist_region_interaction	all_disease_core_glia	MAPT	-0.0984345435023251	8.59837174267579	-0.322120630852475	0.750051312926308	0.999628376453519	0	0.82655639837119	0.999988408522672	33	17	0.384809035974326	0.973802956058891	0.9999999293206
	30		OPC	FTD_region_interaction														shortlist_region_interaction	all_disease_core_glia	CCT5	0.125727280933766	4.49557782558947	0.203483042634343	0.840502405388541	0.999628376453519	0	0.854609144657452	0.999988408522672	33	17	0.384809035974326	0.985277040725431	0.9999999293206
	30		OPC	FTD_region_interaction														shortlist_region_interaction	all_disease_core_glia	MAP1B	0.102469145761863	5.7281376525219	0.126616883317837	0.900388106288045	0.999628376453519	0	0.905693618852946	0.999988408522672	33	17	0.384809035974326	0.991255287763288	0.9999999293206
	30		OPC	FTD_region_interaction														shortlist_region_interaction	all_disease_core_glia	ARHGAP39	-0.0238654359772257	3.89391724949996	-0.0636818851841765	0.949704084668597	0.999628376453519	0	0.96094355442053	0.999988408522672	33	17	0.384809035974326	0.995698375326802	0.9999999293206
	30		Oligo	ALS_region_interaction														shortlist_region_interaction	all_disease_core_glia	COX7C	-4.35452192704256	-0.138093220657423	-2.42279741605441	0.0237995437481911	0.999562221823975	-2.27644861141759	0.0249172097799252	0.999999033524805	33	17	0.553617893012401	0.461304016347297	0.9999999293206
	30		Oligo	ALS_region_interaction														shortlist_region_interaction	all_disease_core_glia	PARK7	-2.24234658259792	2.55923525311266	-1.97459840587749	0.0606028067613876	0.999562221823975	-1.74297171512365	0.0663210754606339	0.999999033524805	33	17	0.553617893012401	0.598092288252811	0.9999999293206
	30		Oligo	ALS_region_interaction														shortlist_region_interaction	all_disease_core_glia	COX5B	-3.04458031923676	1.04640721897601	-1.90826711441301	0.0690849363199718	0.999562221823975	-1.74340370008941	0.0722488766535744	0.999999033524805	33	17	0.553617893012401	0.619553101309449	0.9999999293206
	30		Oligo	ALS_region_interaction														shortlist_region_interaction	all_disease_core_glia	DOCK7	-0.337571361220054	4.92512206423032	-1.50064163460059	0.146959961815703	0.999562221823975	-0.331347002200445	0.378497474202592	0.999999033524805	33	17	0.553617893012401	0.743910034777902	0.9999999293206
	30		Oligo	ALS_region_interaction														shortlist_region_interaction	all_disease_core_glia	HSP90AA1	1.27757987130385	8.78153865094585	1.41650228052067	0.170208063554392	0.999562221823975	1.12486584816305	0.186827755877018	0.999999033524805	33	17	0.553617893012401	0.767163673299992	0.9999999293206
	30		Oligo	ALS_region_interaction														shortlist_region_interaction	all_disease_core_glia	COA3	-1.117679059299	1.43602886349187	-1.03516419748581	0.311496421522928	0.999562221823975	-0.791548825648324	0.325357309152279	0.999999033524805	33	17	0.553617893012401	0.861490530481421	0.9999999293206
	30		Oligo	ALS_region_interaction														shortlist_region_interaction	all_disease_core_glia	STARD13	-0.125090164862524	8.7838834539095	-0.785508842996948	0.440118365351623	0.999562221823975	0	0.813817610719141	0.999999033524805	33	17	0.553617893012401	0.910216644369207	0.9999999293206
	30		Oligo	ALS_region_interaction														shortlist_region_interaction	all_disease_core_glia	ARHGAP39	-0.240991213418838	4.00055963799189	-0.785277226005488	0.440260899038818	0.999562221823975	0	0.585340957710835	0.999999033524805	33	17	0.553617893012401	0.910278854998105	0.9999999293206
	30		Oligo	ALS_region_interaction														shortlist_region_interaction	all_disease_core_glia	CCT8	-0.431368430527794	3.78358329403931	-0.674340843444687	0.506905640320531	0.999562221823975	-0.263149781391518	0.541945634337709	0.999999033524805	33	17	0.553617893012401	0.92957850217963	0.9999999293206
	30		Oligo	ALS_region_interaction														shortlist_region_interaction	all_disease_core_glia	MAPT	-0.113166052552614	9.13525221603754	-0.661980904463733	0.514517347849567	0.999562221823975	0	0.82416546199097	0.999999033524805	33	17	0.553617893012401	0.931311929460009	0.9999999293206
	30		Oligo	ALS_region_interaction														shortlist_region_interaction	all_disease_core_glia	MAP1B	0.424981122954858	6.52331369437996	0.465492670425196	0.646014452907623	0.999562221823975	0.177384372499024	0.659807949271863	0.999999033524805	33	17	0.553617893012401	0.958514840286216	0.9999999293206
	30		Oligo	ALS_region_interaction														shortlist_region_interaction	all_disease_core_glia	BAG3	-0.602806259565921	0.68072242946721	-0.36459456966367	0.718789130538771	0.999562221823975	-0.205503793017175	0.722292173708865	0.999999033524805	33	17	0.553617893012401	0.969759020698137	0.9999999293206
	30		Oligo	ALS_region_interaction														shortlist_region_interaction	all_disease_core_glia	BCR	-0.0646866149534651	4.83188110864657	-0.27051568430736	0.789159851918374	0.999562221823975	0	0.884182394201824	0.999999033524805	33	17	0.553617893012401	0.979160229058748	0.9999999293206
	30		Oligo	ALS_region_interaction														shortlist_region_interaction	all_disease_core_glia	CCT5	0.108649720759486	4.68513723232165	0.228845394411761	0.821038551863103	0.999562221823975	0	0.846885656343627	0.999999033524805	33	17	0.553617893012401	0.982979680436958	0.9999999293206
	30		Oligo	ALS_region_interaction														shortlist_region_interaction	all_disease_core_glia	CHORDC1	-0.0947096024490595	6.37233469356451	-0.223821484004726	0.824898651810903	0.999562221823975	0	0.856096261721279	0.999999033524805	33	17	0.553617893012401	0.983430184984235	0.9999999293206
	30		Oligo	ALS_region_interaction														shortlist_region_interaction	all_disease_core_glia	ARHGAP35	-0.0186530104225451	6.947735621528	-0.15098758098154	0.881293003351764	0.999562221823975	0	0.986098607533852	0.999999033524805	33	17	0.553617893012401	0.989392661666234	0.9999999293206
	30		Oligo	ALS_region_interaction														shortlist_region_interaction	all_disease_core_glia	HSP90AB1	0.0179427183556138	5.94586422523051	0.0189219983009803	0.985068692491977	0.999562221823975	0	0.985655509509219	0.999999033524805	33	17	0.553617893012401	0.998865195262288	0.9999999293206
	30		Oligo	FTD_region_interaction														shortlist_region_interaction	all_disease_core_glia	ARHGAP39	-0.936742431674666	4.00055963799189	-1.85365300591096	0.0765865399869911	0.806407991465015	-1.33315291907263	0.110864739872741	0.999945265478582	33	17	0.553617893012401	0.636246851034128	0.9999999293206
	30		Oligo	FTD_region_interaction														shortlist_region_interaction	all_disease_core_glia	HSP90AA1	1.52740977289174	8.78153865094585	1.45081107115428	0.16051391042826	0.870805725547478	1.20096768606471	0.172409590662308	0.999945265478582	33	17	0.553617893012401	0.757741751623433	0.9999999293206
	30		Oligo	FTD_region_interaction														shortlist_region_interaction	all_disease_core_glia	DOCK7	-0.334010567042452	4.92512206423032	-1.11428895657988	0.276586508258821	0.909877497742385	-0.236782785992485	0.436610460418101	0.999945265478582	33	17	0.553617893012401	0.843569982765224	0.9999999293206
	30		Oligo	FTD_region_interaction														shortlist_region_interaction	all_disease_core_glia	CCT8	-0.825023264949909	3.78358329403931	-0.967073491718171	0.343700037373422	0.925934453009113	-0.658750548477115	0.365876589240553	0.999945265478582	33	17	0.553617893012401	0.875889445852989	0.9999999293206
	30		Oligo	FTD_region_interaction														shortlist_region_interaction	all_disease_core_glia	STARD13	-0.177807523570959	8.7838834539095	-0.939119898460709	0.357361727852232	0.930124933994696	0	0.6860908333326	0.999945265478582	33	17	0.553617893012401	0.881478513213056	0.9999999293206
	30		Oligo	FTD_region_interaction														shortlist_region_interaction	all_disease_core_glia	ARHGAP35	-0.111281440927318	6.947735621528	-0.713834089530127	0.482462727821465	0.955038977713059	0	0.842186267484918	0.999945265478582	33	17	0.553617893012401	0.9229135229997	0.9999999293206
	30		Oligo	FTD_region_interaction														shortlist_region_interaction	all_disease_core_glia	BAG3	-1.1500906053825	0.68072242946721	-0.637090119816487	0.530440527912112	0.964359241382191	-0.49138279872001	0.534855888290901	0.999945265478582	33	17	0.553617893012401	0.935315754796071	0.9999999293206
	30		Oligo	FTD_region_interaction														shortlist_region_interaction	all_disease_core_glia	BCR	-0.197853063298115	4.83188110864657	-0.589268874077422	0.56138595559633	0.964425712931645	0	0.667618628059584	0.999945265478582	33	17	0.553617893012401	0.942678588834492	0.9999999293206
	30		Oligo	FTD_region_interaction														shortlist_region_interaction	all_disease_core_glia	MAPT	-0.115963431925298	9.13525221603754	-0.573739547519224	0.571674608429669	0.964960285163283	0	0.79965915909229	0.999945265478582	33	17	0.553617893012401	0.944842689224629	0.9999999293206
	30		Oligo	FTD_region_interaction														shortlist_region_interaction	all_disease_core_glia	MAP1B	-0.594453343261959	6.52331369437996	-0.552118726167848	0.586263274294971	0.964960285163283	-0.307816590881052	0.597534218055881	0.999945265478582	33	17	0.553617893012401	0.947951200693224	0.9999999293206
	30		Oligo	FTD_region_interaction														shortlist_region_interaction	all_disease_core_glia	HSP90AB1	0.534941506182637	5.94586422523051	0.48305962345431	0.633680441145969	0.971246122397797	0.245535895029655	0.643385346093361	0.999945265478582	33	17	0.553617893012401	0.956356531656428	0.9999999293206
	30		Oligo	FTD_region_interaction														shortlist_region_interaction	all_disease_core_glia	CHORDC1	0.222212197453714	6.37233469356451	0.419655704604052	0.678682753771919	0.977885571640396	0	0.714932571033162	0.999945265478582	33	17	0.553617893012401	0.963842897430757	0.9999999293206
	30		Oligo	FTD_region_interaction														shortlist_region_interaction	all_disease_core_glia	CCT5	0.244522650871221	4.68513723232165	0.387541190133577	0.701966100653616	0.980250130662728	0	0.726324504181049	0.999945265478582	33	17	0.553617893012401	0.967385746858036	0.9999999293206
	30		Oligo	FTD_region_interaction														shortlist_region_interaction	all_disease_core_glia	PARK7	-0.414815041379676	2.55923525311266	-0.319061823095832	0.752597563866625	0.984082875817328	-0.116744576394442	0.757621347339573	0.999945265478582	33	17	0.553617893012401	0.974144517601383	0.9999999293206
	30		Oligo	FTD_region_interaction														shortlist_region_interaction	all_disease_core_glia	COX7C	-0.485942685507498	-0.138093220657423	-0.295073622342217	0.770619984461768	0.986206610629451	-0.135354138450916	0.773551724227044	0.999945265478582	33	17	0.553617893012401	0.976618965130547	0.9999999293206
	30		Oligo	FTD_region_interaction														shortlist_region_interaction	all_disease_core_glia	COA3	0.300991557988513	1.43602886349187	0.247258501251379	0.806931139182479	0.986882632843909	0.031181035827937	0.811466863748226	0.999945265478582	33	17	0.553617893012401	0.981515122018584	0.9999999293206
	30		Oligo	FTD_region_interaction														shortlist_region_interaction	all_disease_core_glia	COX5B	0.0801503622535109	1.04640721897601	0.0489943937941512	0.961352365574796	0.997563524298019	0	0.961869670876886	0.999945265478582	33	17	0.553617893012401	0.996584125500163	0.9999999293206
