feature	cell_type	log2FC_per_pTDP_level	logCPM	F	p_value	FDR	layer	n_donors	model	target_global_FDR	loo_same_direction_fraction	model_test	candidate_FDR_family	transcriptome_FDR_family	valid_LOO_iterations	uncertainty_interval
ARHGAP35	ASC	0.283027000777007	8.23897060973075	0.774048021909151	0.388632345917559	0.896766460538804	RNA	14	ptdp_order+z_median_TSS+z_median_fragments+z_median_RNA_UMI	0.700715896427115	1	edgeR robust quasi-likelihood ordinal pTDP trend adjusted for TSS enrichment, fragment depth and RNA UMI	target_global_FDR: BH across 119 frozen candidate RNA tests, including 17 whole-tissue rows	FDR: BH across all retained transcripts within the fitted donor-cell-type model	14	not available in frozen edgeR target export; no CI displayed or inferred
ARHGAP35	EX	-0.725101748940058	7.74122044590616	5.18066019545223	0.0383117185064645	0.204762759933214	RNA	12	ptdp_order+z_median_TSS+z_median_fragments+z_median_RNA_UMI	0.201632641280649	1	edgeR robust quasi-likelihood ordinal pTDP trend adjusted for TSS enrichment, fragment depth and RNA UMI	target_global_FDR: BH across 119 frozen candidate RNA tests, including 17 whole-tissue rows	FDR: BH across all retained transcripts within the fitted donor-cell-type model	14	not available in frozen edgeR target export; no CI displayed or inferred
ARHGAP35	IN	-0.200202726335796	7.9812044805759	1.14074222063968	0.299080612825052	0.714116955079191	RNA	14	ptdp_order+z_median_TSS+z_median_fragments+z_median_RNA_UMI	0.605254299511809	0.928571428571429	edgeR robust quasi-likelihood ordinal pTDP trend adjusted for TSS enrichment, fragment depth and RNA UMI	target_global_FDR: BH across 119 frozen candidate RNA tests, including 17 whole-tissue rows	FDR: BH across all retained transcripts within the fitted donor-cell-type model	14	not available in frozen edgeR target export; no CI displayed or inferred
ARHGAP35	MG	-0.132045476012804	8.11623248560221	0.493755289199551	0.489804210615797	0.807580203641586	RNA	14	ptdp_order+z_median_TSS+z_median_fragments+z_median_RNA_UMI	0.737806342573163	0.928571428571429	edgeR robust quasi-likelihood ordinal pTDP trend adjusted for TSS enrichment, fragment depth and RNA UMI	target_global_FDR: BH across 119 frozen candidate RNA tests, including 17 whole-tissue rows	FDR: BH across all retained transcripts within the fitted donor-cell-type model	14	not available in frozen edgeR target export; no CI displayed or inferred
ARHGAP35	ODC	0.127783848907211	8.19550954513644	0.384489537456243	0.541845555032072	0.994521893732384	RNA	14	ptdp_order+z_median_TSS+z_median_fragments+z_median_RNA_UMI	0.774918629708187	0.857142857142857	edgeR robust quasi-likelihood ordinal pTDP trend adjusted for TSS enrichment, fragment depth and RNA UMI	target_global_FDR: BH across 119 frozen candidate RNA tests, including 17 whole-tissue rows	FDR: BH across all retained transcripts within the fitted donor-cell-type model	14	not available in frozen edgeR target export; no CI displayed or inferred
ARHGAP35	OPC	0.165328324318136	7.79157803323605	0.509759671362392	0.483968255469881	0.999794890344818	RNA	14	ptdp_order+z_median_TSS+z_median_fragments+z_median_RNA_UMI	0.737806342573163	0.714285714285714	edgeR robust quasi-likelihood ordinal pTDP trend adjusted for TSS enrichment, fragment depth and RNA UMI	target_global_FDR: BH across 119 frozen candidate RNA tests, including 17 whole-tissue rows	FDR: BH across all retained transcripts within the fitted donor-cell-type model	14	not available in frozen edgeR target export; no CI displayed or inferred
ARHGAP39	ASC	1.17822191359635	6.46159378818163	6.8439292632692	0.0159125740521456	0.44521253869437	RNA	14	ptdp_order+z_median_TSS+z_median_fragments+z_median_RNA_UMI	0.129113785437042	1	edgeR robust quasi-likelihood ordinal pTDP trend adjusted for TSS enrichment, fragment depth and RNA UMI	target_global_FDR: BH across 119 frozen candidate RNA tests, including 17 whole-tissue rows	FDR: BH across all retained transcripts within the fitted donor-cell-type model	14	not available in frozen edgeR target export; no CI displayed or inferred
ARHGAP39	EX	-0.713819464616934	5.85906520420737	4.94028579606937	0.0424374656782418	0.210661155031551	RNA	12	ptdp_order+z_median_TSS+z_median_fragments+z_median_RNA_UMI	0.201632641280649	1	edgeR robust quasi-likelihood ordinal pTDP trend adjusted for TSS enrichment, fragment depth and RNA UMI	target_global_FDR: BH across 119 frozen candidate RNA tests, including 17 whole-tissue rows	FDR: BH across all retained transcripts within the fitted donor-cell-type model	14	not available in frozen edgeR target export; no CI displayed or inferred
ARHGAP39	IN	-0.305969273202369	5.26220126555267	1.72775751548664	0.204609964113006	0.672258042372687	RNA	14	ptdp_order+z_median_TSS+z_median_fragments+z_median_RNA_UMI	0.468242033258609	0.928571428571429	edgeR robust quasi-likelihood ordinal pTDP trend adjusted for TSS enrichment, fragment depth and RNA UMI	target_global_FDR: BH across 119 frozen candidate RNA tests, including 17 whole-tissue rows	FDR: BH across all retained transcripts within the fitted donor-cell-type model	14	not available in frozen edgeR target export; no CI displayed or inferred
ARHGAP39	MG	-0.446828394946925	4.54523771801826	2.04122460014146	0.167393144274986	0.570845468917016	RNA	14	ptdp_order+z_median_TSS+z_median_fragments+z_median_RNA_UMI	0.41499550351507	0.928571428571429	edgeR robust quasi-likelihood ordinal pTDP trend adjusted for TSS enrichment, fragment depth and RNA UMI	target_global_FDR: BH across 119 frozen candidate RNA tests, including 17 whole-tissue rows	FDR: BH across all retained transcripts within the fitted donor-cell-type model	14	not available in frozen edgeR target export; no CI displayed or inferred
ARHGAP39	ODC	0.127557362684893	4.17025060107656	0.266248989721115	0.611152396055378	0.996959285509404	RNA	14	ptdp_order+z_median_TSS+z_median_fragments+z_median_RNA_UMI	0.838024939196656	0.785714285714286	edgeR robust quasi-likelihood ordinal pTDP trend adjusted for TSS enrichment, fragment depth and RNA UMI	target_global_FDR: BH across 119 frozen candidate RNA tests, including 17 whole-tissue rows	FDR: BH across all retained transcripts within the fitted donor-cell-type model	14	not available in frozen edgeR target export; no CI displayed or inferred
ARHGAP39	OPC	0.208121538890976	4.81615921923967	0.611276296070689	0.44392932484711	0.999794890344818	RNA	14	ptdp_order+z_median_TSS+z_median_fragments+z_median_RNA_UMI	0.730351685851355	0.928571428571429	edgeR robust quasi-likelihood ordinal pTDP trend adjusted for TSS enrichment, fragment depth and RNA UMI	target_global_FDR: BH across 119 frozen candidate RNA tests, including 17 whole-tissue rows	FDR: BH across all retained transcripts within the fitted donor-cell-type model	14	not available in frozen edgeR target export; no CI displayed or inferred
BAG3	ASC	-0.0315096255869621	6.09084884454876	0.0120437622686143	0.913624855727825	0.993562365758187	RNA	14	ptdp_order+z_median_TSS+z_median_fragments+z_median_RNA_UMI	0.988320055661227	0.571428571428571	edgeR robust quasi-likelihood ordinal pTDP trend adjusted for TSS enrichment, fragment depth and RNA UMI	target_global_FDR: BH across 119 frozen candidate RNA tests, including 17 whole-tissue rows	FDR: BH across all retained transcripts within the fitted donor-cell-type model	14	not available in frozen edgeR target export; no CI displayed or inferred
BAG3	EX	-0.853349942969349	1.40748239510626	2.34908437969012	0.142888063209351	0.347238767874157	RNA	12	ptdp_order+z_median_TSS+z_median_fragments+z_median_RNA_UMI	0.393020893925138	1	edgeR robust quasi-likelihood ordinal pTDP trend adjusted for TSS enrichment, fragment depth and RNA UMI	target_global_FDR: BH across 119 frozen candidate RNA tests, including 17 whole-tissue rows	FDR: BH across all retained transcripts within the fitted donor-cell-type model	14	not available in frozen edgeR target export; no CI displayed or inferred
BAG3	IN	0.306642017303332	2.53116788367968	0.562526630459704	0.461596818355957	0.800986865382801	RNA	14	ptdp_order+z_median_TSS+z_median_fragments+z_median_RNA_UMI	0.730351685851355	0.928571428571429	edgeR robust quasi-likelihood ordinal pTDP trend adjusted for TSS enrichment, fragment depth and RNA UMI	target_global_FDR: BH across 119 frozen candidate RNA tests, including 17 whole-tissue rows	FDR: BH across all retained transcripts within the fitted donor-cell-type model	14	not available in frozen edgeR target export; no CI displayed or inferred
BAG3	MG	-0.985440406991211	5.67863541611752	23.5913258313015	8.02460602981238e-05	0.0442607528367038	RNA	14	ptdp_order+z_median_TSS+z_median_fragments+z_median_RNA_UMI	0.00477464058773837	1	edgeR robust quasi-likelihood ordinal pTDP trend adjusted for TSS enrichment, fragment depth and RNA UMI	target_global_FDR: BH across 119 frozen candidate RNA tests, including 17 whole-tissue rows	FDR: BH across all retained transcripts within the fitted donor-cell-type model	14	not available in frozen edgeR target export; no CI displayed or inferred
BAG3	ODC	0.230731519250238	2.64413720862536	0.552494115945062	0.464664764264941	0.993388613726955	RNA	14	ptdp_order+z_median_TSS+z_median_fragments+z_median_RNA_UMI	0.730351685851355	0.714285714285714	edgeR robust quasi-likelihood ordinal pTDP trend adjusted for TSS enrichment, fragment depth and RNA UMI	target_global_FDR: BH across 119 frozen candidate RNA tests, including 17 whole-tissue rows	FDR: BH across all retained transcripts within the fitted donor-cell-type model	14	not available in frozen edgeR target export; no CI displayed or inferred
BAG3	OPC	0.121962826072307	3.74021941744951	0.123786067794822	0.728582550024677	0.999794890344818	RNA	14	ptdp_order+z_median_TSS+z_median_fragments+z_median_RNA_UMI	0.906517072550242	0.642857142857143	edgeR robust quasi-likelihood ordinal pTDP trend adjusted for TSS enrichment, fragment depth and RNA UMI	target_global_FDR: BH across 119 frozen candidate RNA tests, including 17 whole-tissue rows	FDR: BH across all retained transcripts within the fitted donor-cell-type model	14	not available in frozen edgeR target export; no CI displayed or inferred
BCR	ASC	0.235684564674128	7.36531147056198	0.596902444247958	0.448119867300349	0.912519676670585	RNA	14	ptdp_order+z_median_TSS+z_median_fragments+z_median_RNA_UMI	0.730351685851355	1	edgeR robust quasi-likelihood ordinal pTDP trend adjusted for TSS enrichment, fragment depth and RNA UMI	target_global_FDR: BH across 119 frozen candidate RNA tests, including 17 whole-tissue rows	FDR: BH across all retained transcripts within the fitted donor-cell-type model	14	not available in frozen edgeR target export; no CI displayed or inferred
BCR	EX	-0.63949606516704	6.21230822310772	3.83457254167949	0.0695273834330933	0.248475545784202	RNA	12	ptdp_order+z_median_TSS+z_median_fragments+z_median_RNA_UMI	0.243345842015827	1	edgeR robust quasi-likelihood ordinal pTDP trend adjusted for TSS enrichment, fragment depth and RNA UMI	target_global_FDR: BH across 119 frozen candidate RNA tests, including 17 whole-tissue rows	FDR: BH across all retained transcripts within the fitted donor-cell-type model	14	not available in frozen edgeR target export; no CI displayed or inferred
BCR	IN	-0.149146867887576	6.41005777098654	0.401214336084769	0.534130693877996	0.831946069929369	RNA	14	ptdp_order+z_median_TSS+z_median_fragments+z_median_RNA_UMI	0.774918629708187	0.857142857142857	edgeR robust quasi-likelihood ordinal pTDP trend adjusted for TSS enrichment, fragment depth and RNA UMI	target_global_FDR: BH across 119 frozen candidate RNA tests, including 17 whole-tissue rows	FDR: BH across all retained transcripts within the fitted donor-cell-type model	14	not available in frozen edgeR target export; no CI displayed or inferred
BCR	MG	0.0201143251976162	5.64490265230594	0.00564573171393204	0.94080326548246	0.988096858614933	RNA	14	ptdp_order+z_median_TSS+z_median_fragments+z_median_RNA_UMI	0.988320055661227	0.928571428571429	edgeR robust quasi-likelihood ordinal pTDP trend adjusted for TSS enrichment, fragment depth and RNA UMI	target_global_FDR: BH across 119 frozen candidate RNA tests, including 17 whole-tissue rows	FDR: BH across all retained transcripts within the fitted donor-cell-type model	14	not available in frozen edgeR target export; no CI displayed or inferred
BCR	ODC	0.254462676074511	5.23431059068125	1.12867733024774	0.300084064463838	0.988070824233934	RNA	14	ptdp_order+z_median_TSS+z_median_fragments+z_median_RNA_UMI	0.605254299511809	0.928571428571429	edgeR robust quasi-likelihood ordinal pTDP trend adjusted for TSS enrichment, fragment depth and RNA UMI	target_global_FDR: BH across 119 frozen candidate RNA tests, including 17 whole-tissue rows	FDR: BH across all retained transcripts within the fitted donor-cell-type model	14	not available in frozen edgeR target export; no CI displayed or inferred
BCR	OPC	0.224331245571098	7.49933228206472	1.35867711117182	0.258270495782582	0.999794890344818	RNA	14	ptdp_order+z_median_TSS+z_median_fragments+z_median_RNA_UMI	0.558803436329585	1	edgeR robust quasi-likelihood ordinal pTDP trend adjusted for TSS enrichment, fragment depth and RNA UMI	target_global_FDR: BH across 119 frozen candidate RNA tests, including 17 whole-tissue rows	FDR: BH across all retained transcripts within the fitted donor-cell-type model	14	not available in frozen edgeR target export; no CI displayed or inferred
CCT5	ASC	-0.735333194652874	4.70329213674036	3.97814221731803	0.0589103305673817	0.620431683772245	RNA	14	ptdp_order+z_median_TSS+z_median_fragments+z_median_RNA_UMI	0.233573267452785	1	edgeR robust quasi-likelihood ordinal pTDP trend adjusted for TSS enrichment, fragment depth and RNA UMI	target_global_FDR: BH across 119 frozen candidate RNA tests, including 17 whole-tissue rows	FDR: BH across all retained transcripts within the fitted donor-cell-type model	14	not available in frozen edgeR target export; no CI displayed or inferred
CCT5	EX	0.724748446267564	4.41833267329127	3.24148498181738	0.0924553198680044	0.282583081225136	RNA	12	ptdp_order+z_median_TSS+z_median_fragments+z_median_RNA_UMI	0.282107258058783	1	edgeR robust quasi-likelihood ordinal pTDP trend adjusted for TSS enrichment, fragment depth and RNA UMI	target_global_FDR: BH across 119 frozen candidate RNA tests, including 17 whole-tissue rows	FDR: BH across all retained transcripts within the fitted donor-cell-type model	14	not available in frozen edgeR target export; no CI displayed or inferred
CCT5	IN	0.350716241383634	4.23703087833605	1.8216871337686	0.193200107119338	0.666607007301161	RNA	14	ptdp_order+z_median_TSS+z_median_fragments+z_median_RNA_UMI	0.459816254944025	0.928571428571429	edgeR robust quasi-likelihood ordinal pTDP trend adjusted for TSS enrichment, fragment depth and RNA UMI	target_global_FDR: BH across 119 frozen candidate RNA tests, including 17 whole-tissue rows	FDR: BH across all retained transcripts within the fitted donor-cell-type model	14	not available in frozen edgeR target export; no CI displayed or inferred
CCT5	MG	0.324864790485626	5.14113702281549	2.11154951326139	0.160653473561134	0.564661190338772	RNA	14	ptdp_order+z_median_TSS+z_median_fragments+z_median_RNA_UMI	0.407623821822847	1	edgeR robust quasi-likelihood ordinal pTDP trend adjusted for TSS enrichment, fragment depth and RNA UMI	target_global_FDR: BH across 119 frozen candidate RNA tests, including 17 whole-tissue rows	FDR: BH across all retained transcripts within the fitted donor-cell-type model	14	not available in frozen edgeR target export; no CI displayed or inferred
CCT5	ODC	0.211663775334107	5.0682438929222	1.08519881404814	0.309342486370582	0.988070824233934	RNA	14	ptdp_order+z_median_TSS+z_median_fragments+z_median_RNA_UMI	0.613529264634988	0.928571428571429	edgeR robust quasi-likelihood ordinal pTDP trend adjusted for TSS enrichment, fragment depth and RNA UMI	target_global_FDR: BH across 119 frozen candidate RNA tests, including 17 whole-tissue rows	FDR: BH across all retained transcripts within the fitted donor-cell-type model	14	not available in frozen edgeR target export; no CI displayed or inferred
CCT5	OPC	0.0511869970767391	4.95617040636984	0.0372079052125738	0.849109832026738	0.999794890344818	RNA	14	ptdp_order+z_median_TSS+z_median_fragments+z_median_RNA_UMI	0.988320055661227	0.857142857142857	edgeR robust quasi-likelihood ordinal pTDP trend adjusted for TSS enrichment, fragment depth and RNA UMI	target_global_FDR: BH across 119 frozen candidate RNA tests, including 17 whole-tissue rows	FDR: BH across all retained transcripts within the fitted donor-cell-type model	14	not available in frozen edgeR target export; no CI displayed or inferred
CCT8	ASC	-0.693271265271692	4.38967207104757	2.92704788256208	0.101487948811701	0.725105194079741	RNA	14	ptdp_order+z_median_TSS+z_median_fragments+z_median_RNA_UMI	0.301926647714811	1	edgeR robust quasi-likelihood ordinal pTDP trend adjusted for TSS enrichment, fragment depth and RNA UMI	target_global_FDR: BH across 119 frozen candidate RNA tests, including 17 whole-tissue rows	FDR: BH across all retained transcripts within the fitted donor-cell-type model	14	not available in frozen edgeR target export; no CI displayed or inferred
CCT8	EX	0.919004008033933	4.87869914534752	4.88930613673461	0.0433848121428659	0.21153556421983	RNA	12	ptdp_order+z_median_TSS+z_median_fragments+z_median_RNA_UMI	0.201632641280649	1	edgeR robust quasi-likelihood ordinal pTDP trend adjusted for TSS enrichment, fragment depth and RNA UMI	target_global_FDR: BH across 119 frozen candidate RNA tests, including 17 whole-tissue rows	FDR: BH across all retained transcripts within the fitted donor-cell-type model	14	not available in frozen edgeR target export; no CI displayed or inferred
CCT8	IN	0.0773384377857783	4.82059785328321	0.059520561955822	0.809917833749134	0.943740303052882	RNA	14	ptdp_order+z_median_TSS+z_median_fragments+z_median_RNA_UMI	0.963802222161469	0.785714285714286	edgeR robust quasi-likelihood ordinal pTDP trend adjusted for TSS enrichment, fragment depth and RNA UMI	target_global_FDR: BH across 119 frozen candidate RNA tests, including 17 whole-tissue rows	FDR: BH across all retained transcripts within the fitted donor-cell-type model	14	not available in frozen edgeR target export; no CI displayed or inferred
CCT8	MG	0.227536838635572	5.29265999258755	0.963541055202681	0.337285415080837	0.71379737543257	RNA	14	ptdp_order+z_median_TSS+z_median_fragments+z_median_RNA_UMI	0.657983022862616	0.928571428571429	edgeR robust quasi-likelihood ordinal pTDP trend adjusted for TSS enrichment, fragment depth and RNA UMI	target_global_FDR: BH across 119 frozen candidate RNA tests, including 17 whole-tissue rows	FDR: BH across all retained transcripts within the fitted donor-cell-type model	14	not available in frozen edgeR target export; no CI displayed or inferred
CCT8	ODC	0.144326618152881	4.63204513796776	0.514332872476136	0.481150305380632	0.994051487212985	RNA	14	ptdp_order+z_median_TSS+z_median_fragments+z_median_RNA_UMI	0.737806342573163	0.928571428571429	edgeR robust quasi-likelihood ordinal pTDP trend adjusted for TSS enrichment, fragment depth and RNA UMI	target_global_FDR: BH across 119 frozen candidate RNA tests, including 17 whole-tissue rows	FDR: BH across all retained transcripts within the fitted donor-cell-type model	14	not available in frozen edgeR target export; no CI displayed or inferred
CCT8	OPC	0.329594904961356	4.66285981975957	1.76871497045638	0.199348407002436	0.999794890344818	RNA	14	ptdp_order+z_median_TSS+z_median_fragments+z_median_RNA_UMI	0.465146283005684	0.928571428571429	edgeR robust quasi-likelihood ordinal pTDP trend adjusted for TSS enrichment, fragment depth and RNA UMI	target_global_FDR: BH across 119 frozen candidate RNA tests, including 17 whole-tissue rows	FDR: BH across all retained transcripts within the fitted donor-cell-type model	14	not available in frozen edgeR target export; no CI displayed or inferred
CHORDC1	ASC	-0.308969063467591	5.08062664127874	0.86355245080059	0.363043101577127	0.890560140910387	RNA	14	ptdp_order+z_median_TSS+z_median_fragments+z_median_RNA_UMI	0.67503326699497	1	edgeR robust quasi-likelihood ordinal pTDP trend adjusted for TSS enrichment, fragment depth and RNA UMI	target_global_FDR: BH across 119 frozen candidate RNA tests, including 17 whole-tissue rows	FDR: BH across all retained transcripts within the fitted donor-cell-type model	14	not available in frozen edgeR target export; no CI displayed or inferred
CHORDC1	EX	1.04755965338898	5.47717781931013	10.8579107489907	0.00504306867060133	0.167623803983626	RNA	12	ptdp_order+z_median_TSS+z_median_fragments+z_median_RNA_UMI	0.0600125171801559	1	edgeR robust quasi-likelihood ordinal pTDP trend adjusted for TSS enrichment, fragment depth and RNA UMI	target_global_FDR: BH across 119 frozen candidate RNA tests, including 17 whole-tissue rows	FDR: BH across all retained transcripts within the fitted donor-cell-type model	14	not available in frozen edgeR target export; no CI displayed or inferred
CHORDC1	IN	0.524852452273682	5.62649991007481	2.77563000758282	0.112382459831471	0.641594490218719	RNA	14	ptdp_order+z_median_TSS+z_median_fragments+z_median_RNA_UMI	0.326183237071832	1	edgeR robust quasi-likelihood ordinal pTDP trend adjusted for TSS enrichment, fragment depth and RNA UMI	target_global_FDR: BH across 119 frozen candidate RNA tests, including 17 whole-tissue rows	FDR: BH across all retained transcripts within the fitted donor-cell-type model	14	not available in frozen edgeR target export; no CI displayed or inferred
CHORDC1	MG	0.255168049835655	5.88816759674685	1.20324447350138	0.284868763042132	0.677560225743228	RNA	14	ptdp_order+z_median_TSS+z_median_fragments+z_median_RNA_UMI	0.594726014070416	1	edgeR robust quasi-likelihood ordinal pTDP trend adjusted for TSS enrichment, fragment depth and RNA UMI	target_global_FDR: BH across 119 frozen candidate RNA tests, including 17 whole-tissue rows	FDR: BH across all retained transcripts within the fitted donor-cell-type model	14	not available in frozen edgeR target export; no CI displayed or inferred
CHORDC1	ODC	0.399133025722069	6.05127476309707	4.64137281119547	0.0429178245335979	0.835845759417506	RNA	14	ptdp_order+z_median_TSS+z_median_fragments+z_median_RNA_UMI	0.201632641280649	1	edgeR robust quasi-likelihood ordinal pTDP trend adjusted for TSS enrichment, fragment depth and RNA UMI	target_global_FDR: BH across 119 frozen candidate RNA tests, including 17 whole-tissue rows	FDR: BH across all retained transcripts within the fitted donor-cell-type model	14	not available in frozen edgeR target export; no CI displayed or inferred
CHORDC1	OPC	0.34397698257649	5.63852706554336	2.2689451552861	0.148621346442279	0.999794890344818	RNA	14	ptdp_order+z_median_TSS+z_median_fragments+z_median_RNA_UMI	0.393020893925138	0.928571428571429	edgeR robust quasi-likelihood ordinal pTDP trend adjusted for TSS enrichment, fragment depth and RNA UMI	target_global_FDR: BH across 119 frozen candidate RNA tests, including 17 whole-tissue rows	FDR: BH across all retained transcripts within the fitted donor-cell-type model	14	not available in frozen edgeR target export; no CI displayed or inferred
COA3	ASC	-1.69127440779166	2.28474128612421	6.35078847188184	0.0181155695535134	0.466097689073961	RNA	14	ptdp_order+z_median_TSS+z_median_fragments+z_median_RNA_UMI	0.133770060161769	1	edgeR robust quasi-likelihood ordinal pTDP trend adjusted for TSS enrichment, fragment depth and RNA UMI	target_global_FDR: BH across 119 frozen candidate RNA tests, including 17 whole-tissue rows	FDR: BH across all retained transcripts within the fitted donor-cell-type model	14	not available in frozen edgeR target export; no CI displayed or inferred
COA3	EX	1.91266677402391	2.46811679381048	4.25438754346154	0.0567367979279296	0.230667543442484	RNA	12	ptdp_order+z_median_TSS+z_median_fragments+z_median_RNA_UMI	0.232816515635297	1	edgeR robust quasi-likelihood ordinal pTDP trend adjusted for TSS enrichment, fragment depth and RNA UMI	target_global_FDR: BH across 119 frozen candidate RNA tests, including 17 whole-tissue rows	FDR: BH across all retained transcripts within the fitted donor-cell-type model	14	not available in frozen edgeR target export; no CI displayed or inferred
COA3	IN	-0.106568271294504	2.24398415313363	0.0184007007488138	0.893352461246598	0.969309914087284	RNA	14	ptdp_order+z_median_TSS+z_median_fragments+z_median_RNA_UMI	0.988320055661227	0.571428571428571	edgeR robust quasi-likelihood ordinal pTDP trend adjusted for TSS enrichment, fragment depth and RNA UMI	target_global_FDR: BH across 119 frozen candidate RNA tests, including 17 whole-tissue rows	FDR: BH across all retained transcripts within the fitted donor-cell-type model	14	not available in frozen edgeR target export; no CI displayed or inferred
COA3	MG	0.291859597707647	2.84524531967756	0.279517202124771	0.601504647905855	0.863764334649249	RNA	14	ptdp_order+z_median_TSS+z_median_fragments+z_median_RNA_UMI	0.838024939196656	0.928571428571429	edgeR robust quasi-likelihood ordinal pTDP trend adjusted for TSS enrichment, fragment depth and RNA UMI	target_global_FDR: BH across 119 frozen candidate RNA tests, including 17 whole-tissue rows	FDR: BH across all retained transcripts within the fitted donor-cell-type model	14	not available in frozen edgeR target export; no CI displayed or inferred
COA3	ODC	0.204218433765209	2.79047750700725	0.216078051849096	0.648268827974653	0.998867898230759	RNA	14	ptdp_order+z_median_TSS+z_median_fragments+z_median_RNA_UMI	0.857155450322041	0.857142857142857	edgeR robust quasi-likelihood ordinal pTDP trend adjusted for TSS enrichment, fragment depth and RNA UMI	target_global_FDR: BH across 119 frozen candidate RNA tests, including 17 whole-tissue rows	FDR: BH across all retained transcripts within the fitted donor-cell-type model	14	not available in frozen edgeR target export; no CI displayed or inferred
COA3	OPC	-0.0301239931909815	3.20333724736716	0.0034333175263372	0.953750350703065	0.999794890344818	RNA	14	ptdp_order+z_median_TSS+z_median_fragments+z_median_RNA_UMI	0.988320055661227	0.928571428571429	edgeR robust quasi-likelihood ordinal pTDP trend adjusted for TSS enrichment, fragment depth and RNA UMI	target_global_FDR: BH across 119 frozen candidate RNA tests, including 17 whole-tissue rows	FDR: BH across all retained transcripts within the fitted donor-cell-type model	14	not available in frozen edgeR target export; no CI displayed or inferred
COX5B	ASC	-2.24628063537401	5.19225989777692	13.4439878831748	0.0013410553438962	0.239820717659325	RNA	14	ptdp_order+z_median_TSS+z_median_fragments+z_median_RNA_UMI	0.0265975976539414	1	edgeR robust quasi-likelihood ordinal pTDP trend adjusted for TSS enrichment, fragment depth and RNA UMI	target_global_FDR: BH across 119 frozen candidate RNA tests, including 17 whole-tissue rows	FDR: BH across all retained transcripts within the fitted donor-cell-type model	14	not available in frozen edgeR target export; no CI displayed or inferred
COX5B	EX	1.99539518272654	5.17619496059462	5.76432776650792	0.0301452505727058	0.194426785014309	RNA	12	ptdp_order+z_median_TSS+z_median_fragments+z_median_RNA_UMI	0.188804464113263	1	edgeR robust quasi-likelihood ordinal pTDP trend adjusted for TSS enrichment, fragment depth and RNA UMI	target_global_FDR: BH across 119 frozen candidate RNA tests, including 17 whole-tissue rows	FDR: BH across all retained transcripts within the fitted donor-cell-type model	14	not available in frozen edgeR target export; no CI displayed or inferred
COX5B	IN	-0.0331381404948774	4.98743719230506	0.00328650700556751	0.955099213454127	0.988398853217817	RNA	14	ptdp_order+z_median_TSS+z_median_fragments+z_median_RNA_UMI	0.988320055661227	0.714285714285714	edgeR robust quasi-likelihood ordinal pTDP trend adjusted for TSS enrichment, fragment depth and RNA UMI	target_global_FDR: BH across 119 frozen candidate RNA tests, including 17 whole-tissue rows	FDR: BH across all retained transcripts within the fitted donor-cell-type model	14	not available in frozen edgeR target export; no CI displayed or inferred
COX5B	MG	0.0942375078178701	5.23306613143347	0.0315920497305665	0.861930342765218	0.961070909281783	RNA	14	ptdp_order+z_median_TSS+z_median_fragments+z_median_RNA_UMI	0.988320055661227	0.928571428571429	edgeR robust quasi-likelihood ordinal pTDP trend adjusted for TSS enrichment, fragment depth and RNA UMI	target_global_FDR: BH across 119 frozen candidate RNA tests, including 17 whole-tissue rows	FDR: BH across all retained transcripts within the fitted donor-cell-type model	14	not available in frozen edgeR target export; no CI displayed or inferred
COX5B	ODC	0.173671843911873	5.61383991173841	0.126878597078425	0.728659208286642	1	RNA	14	ptdp_order+z_median_TSS+z_median_fragments+z_median_RNA_UMI	0.906517072550242	0.642857142857143	edgeR robust quasi-likelihood ordinal pTDP trend adjusted for TSS enrichment, fragment depth and RNA UMI	target_global_FDR: BH across 119 frozen candidate RNA tests, including 17 whole-tissue rows	FDR: BH across all retained transcripts within the fitted donor-cell-type model	14	not available in frozen edgeR target export; no CI displayed or inferred
COX5B	OPC	-0.116140184767169	5.40027461802869	13.4010721020737	0.00232238101712154	0.69735127048301	RNA	14	ptdp_order+z_median_TSS+z_median_fragments+z_median_RNA_UMI	0.0394804772910661	1	edgeR robust quasi-likelihood ordinal pTDP trend adjusted for TSS enrichment, fragment depth and RNA UMI	target_global_FDR: BH across 119 frozen candidate RNA tests, including 17 whole-tissue rows	FDR: BH across all retained transcripts within the fitted donor-cell-type model	14	not available in frozen edgeR target export; no CI displayed or inferred
COX7C	ASC	-1.70597059651508	5.51637038040223	7.69558155182125	0.0111086557073706	0.416858835031534	RNA	14	ptdp_order+z_median_TSS+z_median_fragments+z_median_RNA_UMI	0.110160835764758	1	edgeR robust quasi-likelihood ordinal pTDP trend adjusted for TSS enrichment, fragment depth and RNA UMI	target_global_FDR: BH across 119 frozen candidate RNA tests, including 17 whole-tissue rows	FDR: BH across all retained transcripts within the fitted donor-cell-type model	14	not available in frozen edgeR target export; no CI displayed or inferred
COX7C	EX	2.79250672406749	5.23282435061757	-11.5888400980024	1	1	RNA	12	ptdp_order+z_median_TSS+z_median_fragments+z_median_RNA_UMI	1	1	edgeR robust quasi-likelihood ordinal pTDP trend adjusted for TSS enrichment, fragment depth and RNA UMI	target_global_FDR: BH across 119 frozen candidate RNA tests, including 17 whole-tissue rows	FDR: BH across all retained transcripts within the fitted donor-cell-type model	14	not available in frozen edgeR target export; no CI displayed or inferred
COX7C	IN	0.434909387440958	5.25851127998996	0.610422512763834	0.447934512510173	0.794646260083155	RNA	14	ptdp_order+z_median_TSS+z_median_fragments+z_median_RNA_UMI	0.730351685851355	0.857142857142857	edgeR robust quasi-likelihood ordinal pTDP trend adjusted for TSS enrichment, fragment depth and RNA UMI	target_global_FDR: BH across 119 frozen candidate RNA tests, including 17 whole-tissue rows	FDR: BH across all retained transcripts within the fitted donor-cell-type model	14	not available in frozen edgeR target export; no CI displayed or inferred
COX7C	MG	0.0283749298464386	5.54131612527796	0.00362505400949106	0.952975109214744	0.990745276534577	RNA	14	ptdp_order+z_median_TSS+z_median_fragments+z_median_RNA_UMI	0.988320055661227	0.928571428571429	edgeR robust quasi-likelihood ordinal pTDP trend adjusted for TSS enrichment, fragment depth and RNA UMI	target_global_FDR: BH across 119 frozen candidate RNA tests, including 17 whole-tissue rows	FDR: BH across all retained transcripts within the fitted donor-cell-type model	14	not available in frozen edgeR target export; no CI displayed or inferred
COX7C	ODC	0.0371562706401812	5.12342845016158	0.0072575459997497	0.933615755485948	1	RNA	14	ptdp_order+z_median_TSS+z_median_fragments+z_median_RNA_UMI	0.988320055661227	0.571428571428571	edgeR robust quasi-likelihood ordinal pTDP trend adjusted for TSS enrichment, fragment depth and RNA UMI	target_global_FDR: BH across 119 frozen candidate RNA tests, including 17 whole-tissue rows	FDR: BH across all retained transcripts within the fitted donor-cell-type model	14	not available in frozen edgeR target export; no CI displayed or inferred
COX7C	OPC	-0.0323355812455895	5.02131627552908	0.00543223732386343	0.942217886968964	0.999794890344818	RNA	14	ptdp_order+z_median_TSS+z_median_fragments+z_median_RNA_UMI	0.988320055661227	0.928571428571429	edgeR robust quasi-likelihood ordinal pTDP trend adjusted for TSS enrichment, fragment depth and RNA UMI	target_global_FDR: BH across 119 frozen candidate RNA tests, including 17 whole-tissue rows	FDR: BH across all retained transcripts within the fitted donor-cell-type model	14	not available in frozen edgeR target export; no CI displayed or inferred
DOCK7	ASC	-0.00432603885167596	8.91650719365937	0.000227399654861923	0.988106673013425	0.999082581254605	RNA	14	ptdp_order+z_median_TSS+z_median_fragments+z_median_RNA_UMI	1	0.642857142857143	edgeR robust quasi-likelihood ordinal pTDP trend adjusted for TSS enrichment, fragment depth and RNA UMI	target_global_FDR: BH across 119 frozen candidate RNA tests, including 17 whole-tissue rows	FDR: BH across all retained transcripts within the fitted donor-cell-type model	14	not available in frozen edgeR target export; no CI displayed or inferred
DOCK7	EX	-0.00869498456389853	6.89660282929141	0.00206158334912991	0.964397764688913	0.983193089465325	RNA	12	ptdp_order+z_median_TSS+z_median_fragments+z_median_RNA_UMI	0.989339086189489	0.75	edgeR robust quasi-likelihood ordinal pTDP trend adjusted for TSS enrichment, fragment depth and RNA UMI	target_global_FDR: BH across 119 frozen candidate RNA tests, including 17 whole-tissue rows	FDR: BH across all retained transcripts within the fitted donor-cell-type model	14	not available in frozen edgeR target export; no CI displayed or inferred
DOCK7	IN	0.106672903860853	7.19377448326316	0.611979763459441	0.44383118196101	0.792123756316407	RNA	14	ptdp_order+z_median_TSS+z_median_fragments+z_median_RNA_UMI	0.730351685851355	1	edgeR robust quasi-likelihood ordinal pTDP trend adjusted for TSS enrichment, fragment depth and RNA UMI	target_global_FDR: BH across 119 frozen candidate RNA tests, including 17 whole-tissue rows	FDR: BH across all retained transcripts within the fitted donor-cell-type model	14	not available in frozen edgeR target export; no CI displayed or inferred
DOCK7	MG	-0.0677982702257146	7.09639118184708	0.182153846124886	0.673779539358247	0.896596876062008	RNA	14	ptdp_order+z_median_TSS+z_median_fragments+z_median_RNA_UMI	0.862148012727219	1	edgeR robust quasi-likelihood ordinal pTDP trend adjusted for TSS enrichment, fragment depth and RNA UMI	target_global_FDR: BH across 119 frozen candidate RNA tests, including 17 whole-tissue rows	FDR: BH across all retained transcripts within the fitted donor-cell-type model	14	not available in frozen edgeR target export; no CI displayed or inferred
DOCK7	ODC	0.179331078543392	5.64008736037339	1.25388052924492	0.275404170779025	0.985798152946771	RNA	14	ptdp_order+z_median_TSS+z_median_fragments+z_median_RNA_UMI	0.585233862905428	1	edgeR robust quasi-likelihood ordinal pTDP trend adjusted for TSS enrichment, fragment depth and RNA UMI	target_global_FDR: BH across 119 frozen candidate RNA tests, including 17 whole-tissue rows	FDR: BH across all retained transcripts within the fitted donor-cell-type model	14	not available in frozen edgeR target export; no CI displayed or inferred
DOCK7	OPC	0.329367923392569	6.69701291325722	4.65548187811981	0.0440541905319065	0.999794890344818	RNA	14	ptdp_order+z_median_TSS+z_median_fragments+z_median_RNA_UMI	0.201632641280649	1	edgeR robust quasi-likelihood ordinal pTDP trend adjusted for TSS enrichment, fragment depth and RNA UMI	target_global_FDR: BH across 119 frozen candidate RNA tests, including 17 whole-tissue rows	FDR: BH across all retained transcripts within the fitted donor-cell-type model	14	not available in frozen edgeR target export; no CI displayed or inferred
HSP90AA1	ASC	-1.5932365932288	9.95408997889052	18.0797971101648	0.000336016250636618	0.122113226928973	RNA	14	ptdp_order+z_median_TSS+z_median_fragments+z_median_RNA_UMI	0.0115251521710285	1	edgeR robust quasi-likelihood ordinal pTDP trend adjusted for TSS enrichment, fragment depth and RNA UMI	target_global_FDR: BH across 119 frozen candidate RNA tests, including 17 whole-tissue rows	FDR: BH across all retained transcripts within the fitted donor-cell-type model	14	not available in frozen edgeR target export; no CI displayed or inferred
HSP90AA1	EX	0.291169479407671	8.60314639249629	0.418751237714472	0.527567928877647	0.704857782659022	RNA	12	ptdp_order+z_median_TSS+z_median_fragments+z_median_RNA_UMI	0.774918629708187	0.833333333333333	edgeR robust quasi-likelihood ordinal pTDP trend adjusted for TSS enrichment, fragment depth and RNA UMI	target_global_FDR: BH across 119 frozen candidate RNA tests, including 17 whole-tissue rows	FDR: BH across all retained transcripts within the fitted donor-cell-type model	14	not available in frozen edgeR target export; no CI displayed or inferred
HSP90AA1	IN	-0.0403794833762219	9.12530796561809	0.015382229891071	0.902617859285849	0.972603916591397	RNA	14	ptdp_order+z_median_TSS+z_median_fragments+z_median_RNA_UMI	0.988320055661227	0.571428571428571	edgeR robust quasi-likelihood ordinal pTDP trend adjusted for TSS enrichment, fragment depth and RNA UMI	target_global_FDR: BH across 119 frozen candidate RNA tests, including 17 whole-tissue rows	FDR: BH across all retained transcripts within the fitted donor-cell-type model	14	not available in frozen edgeR target export; no CI displayed or inferred
HSP90AA1	MG	-0.923356417724097	10.7022810754795	13.8250333638782	0.00307019862291073	0.162117593951372	RNA	14	ptdp_order+z_median_TSS+z_median_fragments+z_median_RNA_UMI	0.0456692045157971	1	edgeR robust quasi-likelihood ordinal pTDP trend adjusted for TSS enrichment, fragment depth and RNA UMI	target_global_FDR: BH across 119 frozen candidate RNA tests, including 17 whole-tissue rows	FDR: BH across all retained transcripts within the fitted donor-cell-type model	14	not available in frozen edgeR target export; no CI displayed or inferred
HSP90AA1	ODC	-0.509507353946683	10.8609135127277	4.71810549187818	0.0474518336554275	0.852179106764825	RNA	14	ptdp_order+z_median_TSS+z_median_fragments+z_median_RNA_UMI	0.201670293035567	0.928571428571429	edgeR robust quasi-likelihood ordinal pTDP trend adjusted for TSS enrichment, fragment depth and RNA UMI	target_global_FDR: BH across 119 frozen candidate RNA tests, including 17 whole-tissue rows	FDR: BH across all retained transcripts within the fitted donor-cell-type model	14	not available in frozen edgeR target export; no CI displayed or inferred
HSP90AA1	OPC	-0.758824984977104	9.79093280797532	6.93432628028297	0.0191100085945384	0.999794890344818	RNA	14	ptdp_order+z_median_TSS+z_median_fragments+z_median_RNA_UMI	0.133770060161769	1	edgeR robust quasi-likelihood ordinal pTDP trend adjusted for TSS enrichment, fragment depth and RNA UMI	target_global_FDR: BH across 119 frozen candidate RNA tests, including 17 whole-tissue rows	FDR: BH across all retained transcripts within the fitted donor-cell-type model	14	not available in frozen edgeR target export; no CI displayed or inferred
HSP90AB1	ASC	-1.50834406349245	7.65886549529018	30.6083369391221	1.55326443767122e-05	0.0532523734844735	RNA	14	ptdp_order+z_median_TSS+z_median_fragments+z_median_RNA_UMI	0.00184838468082875	1	edgeR robust quasi-likelihood ordinal pTDP trend adjusted for TSS enrichment, fragment depth and RNA UMI	target_global_FDR: BH across 119 frozen candidate RNA tests, including 17 whole-tissue rows	FDR: BH across all retained transcripts within the fitted donor-cell-type model	14	not available in frozen edgeR target export; no CI displayed or inferred
HSP90AB1	EX	1.09723851254993	7.88664732951227	4.90494386271442	0.0430725947533552	0.211086186243785	RNA	12	ptdp_order+z_median_TSS+z_median_fragments+z_median_RNA_UMI	0.201632641280649	1	edgeR robust quasi-likelihood ordinal pTDP trend adjusted for TSS enrichment, fragment depth and RNA UMI	target_global_FDR: BH across 119 frozen candidate RNA tests, including 17 whole-tissue rows	FDR: BH across all retained transcripts within the fitted donor-cell-type model	14	not available in frozen edgeR target export; no CI displayed or inferred
HSP90AB1	IN	0.126517848426405	7.95921036014117	0.0609406597374997	0.809030400946298	0.943423645122541	RNA	14	ptdp_order+z_median_TSS+z_median_fragments+z_median_RNA_UMI	0.963802222161469	0.928571428571429	edgeR robust quasi-likelihood ordinal pTDP trend adjusted for TSS enrichment, fragment depth and RNA UMI	target_global_FDR: BH across 119 frozen candidate RNA tests, including 17 whole-tissue rows	FDR: BH across all retained transcripts within the fitted donor-cell-type model	14	not available in frozen edgeR target export; no CI displayed or inferred
HSP90AB1	MG	-0.443484341543655	8.33917995167362	3.71071732834872	0.0674020369951292	0.421379587715999	RNA	14	ptdp_order+z_median_TSS+z_median_fragments+z_median_RNA_UMI	0.243055830376375	1	edgeR robust quasi-likelihood ordinal pTDP trend adjusted for TSS enrichment, fragment depth and RNA UMI	target_global_FDR: BH across 119 frozen candidate RNA tests, including 17 whole-tissue rows	FDR: BH across all retained transcripts within the fitted donor-cell-type model	14	not available in frozen edgeR target export; no CI displayed or inferred
HSP90AB1	ODC	-0.110981952801441	8.32265850441196	0.202271011945379	0.659755471467486	1	RNA	14	ptdp_order+z_median_TSS+z_median_fragments+z_median_RNA_UMI	0.862148012727219	0.857142857142857	edgeR robust quasi-likelihood ordinal pTDP trend adjusted for TSS enrichment, fragment depth and RNA UMI	target_global_FDR: BH across 119 frozen candidate RNA tests, including 17 whole-tissue rows	FDR: BH across all retained transcripts within the fitted donor-cell-type model	14	not available in frozen edgeR target export; no CI displayed or inferred
HSP90AB1	OPC	-0.346469281700899	7.70135085565571	2.65381207483797	0.12233509804553	0.999794890344818	RNA	14	ptdp_order+z_median_TSS+z_median_fragments+z_median_RNA_UMI	0.346616111129001	1	edgeR robust quasi-likelihood ordinal pTDP trend adjusted for TSS enrichment, fragment depth and RNA UMI	target_global_FDR: BH across 119 frozen candidate RNA tests, including 17 whole-tissue rows	FDR: BH across all retained transcripts within the fitted donor-cell-type model	14	not available in frozen edgeR target export; no CI displayed or inferred
MAP1B	ASC	-0.230179938752055	8.66578867346436	0.419080104119672	0.524203819571131	0.925464176380426	RNA	14	ptdp_order+z_median_TSS+z_median_fragments+z_median_RNA_UMI	0.774918629708187	1	edgeR robust quasi-likelihood ordinal pTDP trend adjusted for TSS enrichment, fragment depth and RNA UMI	target_global_FDR: BH across 119 frozen candidate RNA tests, including 17 whole-tissue rows	FDR: BH across all retained transcripts within the fitted donor-cell-type model	14	not available in frozen edgeR target export; no CI displayed or inferred
MAP1B	EX	-0.114740942402097	9.77775255205197	0.380113695137181	0.547001385676367	0.718730863265115	RNA	12	ptdp_order+z_median_TSS+z_median_fragments+z_median_RNA_UMI	0.774918629708187	0.833333333333333	edgeR robust quasi-likelihood ordinal pTDP trend adjusted for TSS enrichment, fragment depth and RNA UMI	target_global_FDR: BH across 119 frozen candidate RNA tests, including 17 whole-tissue rows	FDR: BH across all retained transcripts within the fitted donor-cell-type model	14	not available in frozen edgeR target export; no CI displayed or inferred
MAP1B	IN	-0.26973920604445	9.36910531552676	3.87137007343962	0.0641175351792968	0.636153059305195	RNA	14	ptdp_order+z_median_TSS+z_median_fragments+z_median_RNA_UMI	0.23843708394801	1	edgeR robust quasi-likelihood ordinal pTDP trend adjusted for TSS enrichment, fragment depth and RNA UMI	target_global_FDR: BH across 119 frozen candidate RNA tests, including 17 whole-tissue rows	FDR: BH across all retained transcripts within the fitted donor-cell-type model	14	not available in frozen edgeR target export; no CI displayed or inferred
MAP1B	MG	-0.682978712551391	8.7525895650865	17.6246786832965	0.000388340540819536	0.0843978385329204	RNA	14	ptdp_order+z_median_TSS+z_median_fragments+z_median_RNA_UMI	0.0115251521710285	1	edgeR robust quasi-likelihood ordinal pTDP trend adjusted for TSS enrichment, fragment depth and RNA UMI	target_global_FDR: BH across 119 frozen candidate RNA tests, including 17 whole-tissue rows	FDR: BH across all retained transcripts within the fitted donor-cell-type model	14	not available in frozen edgeR target export; no CI displayed or inferred
MAP1B	ODC	-0.346387563979542	9.2656037840511	6.81724672814945	0.0162748469038289	0.660293788669629	RNA	14	ptdp_order+z_median_TSS+z_median_fragments+z_median_RNA_UMI	0.129113785437042	1	edgeR robust quasi-likelihood ordinal pTDP trend adjusted for TSS enrichment, fragment depth and RNA UMI	target_global_FDR: BH across 119 frozen candidate RNA tests, including 17 whole-tissue rows	FDR: BH across all retained transcripts within the fitted donor-cell-type model	14	not available in frozen edgeR target export; no CI displayed or inferred
MAP1B	OPC	-0.305798960612461	8.58214227623732	3.61208556049634	0.0727227675230834	0.999794890344818	RNA	14	ptdp_order+z_median_TSS+z_median_fragments+z_median_RNA_UMI	0.246814014979566	1	edgeR robust quasi-likelihood ordinal pTDP trend adjusted for TSS enrichment, fragment depth and RNA UMI	target_global_FDR: BH across 119 frozen candidate RNA tests, including 17 whole-tissue rows	FDR: BH across all retained transcripts within the fitted donor-cell-type model	14	not available in frozen edgeR target export; no CI displayed or inferred
MAPT	ASC	0.398668162955081	8.31650154907194	1.61257359634433	0.217614021009746	0.837635306143182	RNA	14	ptdp_order+z_median_TSS+z_median_fragments+z_median_RNA_UMI	0.488605066040751	1	edgeR robust quasi-likelihood ordinal pTDP trend adjusted for TSS enrichment, fragment depth and RNA UMI	target_global_FDR: BH across 119 frozen candidate RNA tests, including 17 whole-tissue rows	FDR: BH across all retained transcripts within the fitted donor-cell-type model	14	not available in frozen edgeR target export; no CI displayed or inferred
MAPT	EX	-0.402155238381309	8.65935944209559	3.62504559680049	0.0767404920524702	0.259724529337563	RNA	12	ptdp_order+z_median_TSS+z_median_fragments+z_median_RNA_UMI	0.246814014979566	1	edgeR robust quasi-likelihood ordinal pTDP trend adjusted for TSS enrichment, fragment depth and RNA UMI	target_global_FDR: BH across 119 frozen candidate RNA tests, including 17 whole-tissue rows	FDR: BH across all retained transcripts within the fitted donor-cell-type model	14	not available in frozen edgeR target export; no CI displayed or inferred
MAPT	IN	0.0120191179093761	8.54931603726773	0.00622663754147969	0.937942648332668	0.983888798566695	RNA	14	ptdp_order+z_median_TSS+z_median_fragments+z_median_RNA_UMI	0.988320055661227	0.571428571428571	edgeR robust quasi-likelihood ordinal pTDP trend adjusted for TSS enrichment, fragment depth and RNA UMI	target_global_FDR: BH across 119 frozen candidate RNA tests, including 17 whole-tissue rows	FDR: BH across all retained transcripts within the fitted donor-cell-type model	14	not available in frozen edgeR target export; no CI displayed or inferred
MAPT	MG	-0.232916180883899	7.72095664458996	0.93091138261438	0.345367876148553	0.71881304103684	RNA	14	ptdp_order+z_median_TSS+z_median_fragments+z_median_RNA_UMI	0.66288350422061	1	edgeR robust quasi-likelihood ordinal pTDP trend adjusted for TSS enrichment, fragment depth and RNA UMI	target_global_FDR: BH across 119 frozen candidate RNA tests, including 17 whole-tissue rows	FDR: BH across all retained transcripts within the fitted donor-cell-type model	14	not available in frozen edgeR target export; no CI displayed or inferred
MAPT	ODC	0.383506658449354	9.12686332785517	8.14712524543895	0.00946322315862585	0.533859329114457	RNA	14	ptdp_order+z_median_TSS+z_median_fragments+z_median_RNA_UMI	0.102374868716043	1	edgeR robust quasi-likelihood ordinal pTDP trend adjusted for TSS enrichment, fragment depth and RNA UMI	target_global_FDR: BH across 119 frozen candidate RNA tests, including 17 whole-tissue rows	FDR: BH across all retained transcripts within the fitted donor-cell-type model	14	not available in frozen edgeR target export; no CI displayed or inferred
MAPT	OPC	0.360312830044957	8.43368805228362	4.91436680119852	0.0390984151172299	0.999794890344818	RNA	14	ptdp_order+z_median_TSS+z_median_fragments+z_median_RNA_UMI	0.201632641280649	1	edgeR robust quasi-likelihood ordinal pTDP trend adjusted for TSS enrichment, fragment depth and RNA UMI	target_global_FDR: BH across 119 frozen candidate RNA tests, including 17 whole-tissue rows	FDR: BH across all retained transcripts within the fitted donor-cell-type model	14	not available in frozen edgeR target export; no CI displayed or inferred
PARK7	ASC	-1.15363118012299	5.44767719645812	10.3096320006062	0.00409829349112188	0.311799145255944	RNA	14	ptdp_order+z_median_TSS+z_median_fragments+z_median_RNA_UMI	0.0541885472715005	1	edgeR robust quasi-likelihood ordinal pTDP trend adjusted for TSS enrichment, fragment depth and RNA UMI	target_global_FDR: BH across 119 frozen candidate RNA tests, including 17 whole-tissue rows	FDR: BH across all retained transcripts within the fitted donor-cell-type model	14	not available in frozen edgeR target export; no CI displayed or inferred
PARK7	EX	0.180309065107584	5.41880327870221	0.191270121307402	0.668242002772004	0.807045358677121	RNA	12	ptdp_order+z_median_TSS+z_median_fragments+z_median_RNA_UMI	0.862148012727219	0.916666666666667	edgeR robust quasi-likelihood ordinal pTDP trend adjusted for TSS enrichment, fragment depth and RNA UMI	target_global_FDR: BH across 119 frozen candidate RNA tests, including 17 whole-tissue rows	FDR: BH across all retained transcripts within the fitted donor-cell-type model	14	not available in frozen edgeR target export; no CI displayed or inferred
PARK7	IN	-0.20658056852602	5.13355044150623	0.58867600836594	0.452511221396921	0.797202090448365	RNA	14	ptdp_order+z_median_TSS+z_median_fragments+z_median_RNA_UMI	0.730351685851355	0.928571428571429	edgeR robust quasi-likelihood ordinal pTDP trend adjusted for TSS enrichment, fragment depth and RNA UMI	target_global_FDR: BH across 119 frozen candidate RNA tests, including 17 whole-tissue rows	FDR: BH across all retained transcripts within the fitted donor-cell-type model	14	not available in frozen edgeR target export; no CI displayed or inferred
PARK7	MG	-0.374583600546269	5.61514311561873	1.8531874644623	0.18756920191731	0.596565015206553	RNA	14	ptdp_order+z_median_TSS+z_median_fragments+z_median_RNA_UMI	0.455525204656325	0.928571428571429	edgeR robust quasi-likelihood ordinal pTDP trend adjusted for TSS enrichment, fragment depth and RNA UMI	target_global_FDR: BH across 119 frozen candidate RNA tests, including 17 whole-tissue rows	FDR: BH across all retained transcripts within the fitted donor-cell-type model	14	not available in frozen edgeR target export; no CI displayed or inferred
PARK7	ODC	-0.0573031594054189	5.54850686795832	0.0827602937690189	0.776397864256392	1	RNA	14	ptdp_order+z_median_TSS+z_median_fragments+z_median_RNA_UMI	0.952488101510419	0.857142857142857	edgeR robust quasi-likelihood ordinal pTDP trend adjusted for TSS enrichment, fragment depth and RNA UMI	target_global_FDR: BH across 119 frozen candidate RNA tests, including 17 whole-tissue rows	FDR: BH across all retained transcripts within the fitted donor-cell-type model	14	not available in frozen edgeR target export; no CI displayed or inferred
PARK7	OPC	-0.193471452138453	5.64648908483663	0.794650666799935	0.383945627661782	0.999794890344818	RNA	14	ptdp_order+z_median_TSS+z_median_fragments+z_median_RNA_UMI	0.700715896427115	0.928571428571429	edgeR robust quasi-likelihood ordinal pTDP trend adjusted for TSS enrichment, fragment depth and RNA UMI	target_global_FDR: BH across 119 frozen candidate RNA tests, including 17 whole-tissue rows	FDR: BH across all retained transcripts within the fitted donor-cell-type model	14	not available in frozen edgeR target export; no CI displayed or inferred
STARD13	ASC	0.0713934020694258	8.36574375141598	0.0492802661163449	0.826401641906928	0.980252006455142	RNA	14	ptdp_order+z_median_TSS+z_median_fragments+z_median_RNA_UMI	0.973681142444796	0.5	edgeR robust quasi-likelihood ordinal pTDP trend adjusted for TSS enrichment, fragment depth and RNA UMI	target_global_FDR: BH across 119 frozen candidate RNA tests, including 17 whole-tissue rows	FDR: BH across all retained transcripts within the fitted donor-cell-type model	14	not available in frozen edgeR target export; no CI displayed or inferred
STARD13	EX	0.0139191529089677	6.98959378889562	0.00421643629262937	0.949104066948112	0.974801090315148	RNA	12	ptdp_order+z_median_TSS+z_median_fragments+z_median_RNA_UMI	0.988320055661227	0.916666666666667	edgeR robust quasi-likelihood ordinal pTDP trend adjusted for TSS enrichment, fragment depth and RNA UMI	target_global_FDR: BH across 119 frozen candidate RNA tests, including 17 whole-tissue rows	FDR: BH across all retained transcripts within the fitted donor-cell-type model	14	not available in frozen edgeR target export; no CI displayed or inferred
STARD13	IN	0.230135075662596	7.33056107347688	0.870808392975284	0.362617479117843	0.74747892770768	RNA	14	ptdp_order+z_median_TSS+z_median_fragments+z_median_RNA_UMI	0.67503326699497	1	edgeR robust quasi-likelihood ordinal pTDP trend adjusted for TSS enrichment, fragment depth and RNA UMI	target_global_FDR: BH across 119 frozen candidate RNA tests, including 17 whole-tissue rows	FDR: BH across all retained transcripts within the fitted donor-cell-type model	14	not available in frozen edgeR target export; no CI displayed or inferred
STARD13	MG	0.862436268121832	8.06719857261643	16.8682618618995	0.000484250091219685	0.0913706854393365	RNA	14	ptdp_order+z_median_TSS+z_median_fragments+z_median_RNA_UMI	0.0115251521710285	1	edgeR robust quasi-likelihood ordinal pTDP trend adjusted for TSS enrichment, fragment depth and RNA UMI	target_global_FDR: BH across 119 frozen candidate RNA tests, including 17 whole-tissue rows	FDR: BH across all retained transcripts within the fitted donor-cell-type model	14	not available in frozen edgeR target export; no CI displayed or inferred
STARD13	ODC	0.315620951042384	8.63005789750047	7.48780717678912	0.012330516373558	0.597540737912264	RNA	14	ptdp_order+z_median_TSS+z_median_fragments+z_median_RNA_UMI	0.112871649881031	1	edgeR robust quasi-likelihood ordinal pTDP trend adjusted for TSS enrichment, fragment depth and RNA UMI	target_global_FDR: BH across 119 frozen candidate RNA tests, including 17 whole-tissue rows	FDR: BH across all retained transcripts within the fitted donor-cell-type model	14	not available in frozen edgeR target export; no CI displayed or inferred
STARD13	OPC	0.283342831743178	6.42885394942869	3.44523434636985	0.0791166663748341	0.999794890344818	RNA	14	ptdp_order+z_median_TSS+z_median_fragments+z_median_RNA_UMI	0.247760086805401	1	edgeR robust quasi-likelihood ordinal pTDP trend adjusted for TSS enrichment, fragment depth and RNA UMI	target_global_FDR: BH across 119 frozen candidate RNA tests, including 17 whole-tissue rows	FDR: BH across all retained transcripts within the fitted donor-cell-type model	14	not available in frozen edgeR target export; no CI displayed or inferred
