estimand	cell_type	gene	discovery_log2FC	discovery_ci_low	discovery_ci_high	discovery_adjusted_p	replication_log2FC	replication_ci_low	replication_ci_high	replication_adjusted_p	same_direction	replication_class	discovery_n_donors	replication_n_donors	model_test	adjusted_p_scope	CI_definition
ALS_vs_Control	Astrocyte	ARHGAP35	-0.0456817675101422	-0.463612018805587	0.372248483785303	0.984314226178664	-0.246554079866454	-0.641428249698456	0.148320089965548	0.759648786880085	TRUE	direction_only	16	37	cohort-specific limma donor-aware gene contrast	gene-model adjusted FDR within each cohort/model collection; no combined gene-level FDR	normal-approximation 95% CI reconstructed from frozen model estimate and SE
ALS_vs_Control	Astrocyte	ARHGAP39	0.674841763372925	0.116934728175607	1.23274879857024	0.478731909957945	0.257139912717314	-0.417330669631603	0.931610495066231	0.86889197624114	TRUE	direction_only	16	37	cohort-specific limma donor-aware gene contrast	gene-model adjusted FDR within each cohort/model collection; no combined gene-level FDR	normal-approximation 95% CI reconstructed from frozen model estimate and SE
ALS_vs_Control	Astrocyte	BAG3	0.710033819056168	-0.165169505898574	1.58523714401091	0.718547702765492	-0.905718018034194	-1.74348578470073	-0.0679502513676584	0.563630827223094	FALSE	discordant_direction	16	37	cohort-specific limma donor-aware gene contrast	gene-model adjusted FDR within each cohort/model collection; no combined gene-level FDR	normal-approximation 95% CI reconstructed from frozen model estimate and SE
ALS_vs_Control	Astrocyte	BCR	0.0267535163567336	-0.327387330427325	0.380894363140792	0.989584471191857	0.179724537658106	-0.299640056246646	0.659089131562858	0.869490297184673	TRUE	direction_only	16	37	cohort-specific limma donor-aware gene contrast	gene-model adjusted FDR within each cohort/model collection; no combined gene-level FDR	normal-approximation 95% CI reconstructed from frozen model estimate and SE
ALS_vs_Control	Astrocyte	CCT5	-0.263596691192215	-2.19811092083177	1.67091753844734	0.979539429103907	0.297327457931852	-0.380773832433805	0.975428748297509	0.843540130914235	FALSE	discordant_direction	16	37	cohort-specific limma donor-aware gene contrast	gene-model adjusted FDR within each cohort/model collection; no combined gene-level FDR	normal-approximation 95% CI reconstructed from frozen model estimate and SE
ALS_vs_Control	Astrocyte	CCT8	-0.85249647921437	-1.9329482600331	0.227955301604363	0.731450805611097	0.28957295994109	-0.332990564400797	0.912136484282977	0.831088064215478	FALSE	discordant_direction	16	37	cohort-specific limma donor-aware gene contrast	gene-model adjusted FDR within each cohort/model collection; no combined gene-level FDR	normal-approximation 95% CI reconstructed from frozen model estimate and SE
ALS_vs_Control	Astrocyte	CHORDC1	0.584269803913648	-0.26110095861802	1.42964056644532	0.785663654096186	-0.119441607869794	-0.904882903557237	0.66599968781765	0.957466457742155	FALSE	discordant_direction	16	37	cohort-specific limma donor-aware gene contrast	gene-model adjusted FDR within each cohort/model collection; no combined gene-level FDR	normal-approximation 95% CI reconstructed from frozen model estimate and SE
ALS_vs_Control	Astrocyte	COA3	-3.11658695040696	-5.20567268709498	-1.02750121371894	0.340010064932213	0.350456242550383	-0.34093762902651	1.04185011412728	0.810655691673266	FALSE	discordant_direction	16	37	cohort-specific limma donor-aware gene contrast	gene-model adjusted FDR within each cohort/model collection; no combined gene-level FDR	normal-approximation 95% CI reconstructed from frozen model estimate and SE
ALS_vs_Control	Astrocyte	COX5B	-1.71864376135115	-4.35720405967866	0.91991653697636	0.805816763476292	0.378785240875896	-0.584240934194225	1.34181141594602	0.863864314534952	FALSE	discordant_direction	16	37	cohort-specific limma donor-aware gene contrast	gene-model adjusted FDR within each cohort/model collection; no combined gene-level FDR	normal-approximation 95% CI reconstructed from frozen model estimate and SE
ALS_vs_Control	Astrocyte	COX7C	-1.30000303067751	-3.32633338765689	0.726327326301874	0.810416998893458	0.586806188472513	-0.296818875453996	1.47043125239902	0.746748308585631	FALSE	discordant_direction	16	37	cohort-specific limma donor-aware gene contrast	gene-model adjusted FDR within each cohort/model collection; no combined gene-level FDR	normal-approximation 95% CI reconstructed from frozen model estimate and SE
ALS_vs_Control	Astrocyte	DOCK7	-0.0898895886294895	-0.415894618483315	0.236115441224336	0.949627902657532	-0.214045903939239	-0.605981973346857	0.17789016546838	0.795079174900251	TRUE	direction_only	16	37	cohort-specific limma donor-aware gene contrast	gene-model adjusted FDR within each cohort/model collection; no combined gene-level FDR	normal-approximation 95% CI reconstructed from frozen model estimate and SE
ALS_vs_Control	Astrocyte	HSP90AA1	0.675329936971736	-1.66743994912412	3.01809982306759	0.946070687960538	-0.0131777312500088	-0.966471817593218	0.940116355093201	0.99611509055299	FALSE	discordant_direction	16	37	cohort-specific limma donor-aware gene contrast	gene-model adjusted FDR within each cohort/model collection; no combined gene-level FDR	normal-approximation 95% CI reconstructed from frozen model estimate and SE
ALS_vs_Control	Astrocyte	HSP90AB1	-0.243084371005497	-2.13213005550161	1.64596131349062	0.981137219167196	0.166233493526952	-0.66646836200262	0.998935349056524	0.943781226018938	FALSE	discordant_direction	16	37	cohort-specific limma donor-aware gene contrast	gene-model adjusted FDR within each cohort/model collection; no combined gene-level FDR	normal-approximation 95% CI reconstructed from frozen model estimate and SE
ALS_vs_Control	Astrocyte	MAP1B	1.19331577249506	-0.813984388839645	3.20061593382976	0.832433297391629	0.852223905248788	0.0481000715363478	1.65634773896123	0.572508244038417	TRUE	direction_only	16	37	cohort-specific limma donor-aware gene contrast	gene-model adjusted FDR within each cohort/model collection; no combined gene-level FDR	normal-approximation 95% CI reconstructed from frozen model estimate and SE
ALS_vs_Control	Astrocyte	MAPT	0.522886786905137	0.214969256351671	0.830804317458603	0.266052161438628	0.40972976434973	-0.0395801049778308	0.859039633677291	0.642003712258013	TRUE	direction_only	16	37	cohort-specific limma donor-aware gene contrast	gene-model adjusted FDR within each cohort/model collection; no combined gene-level FDR	normal-approximation 95% CI reconstructed from frozen model estimate and SE
ALS_vs_Control	Astrocyte	PARK7	-1.51657599667304	-4.1250465160919	1.09189452274582	0.838374363887627	0.263282684981194	-0.389791062006447	0.916356431968835	0.859266910737991	FALSE	discordant_direction	16	37	cohort-specific limma donor-aware gene contrast	gene-model adjusted FDR within each cohort/model collection; no combined gene-level FDR	normal-approximation 95% CI reconstructed from frozen model estimate and SE
ALS_vs_Control	Astrocyte	STARD13	-0.312299929015857	-0.758556380739443	0.133956522707729	0.780446556729855	-0.261716344406727	-0.722198539809781	0.198765850996327	0.786261462559216	TRUE	direction_only	16	37	cohort-specific limma donor-aware gene contrast	gene-model adjusted FDR within each cohort/model collection; no combined gene-level FDR	normal-approximation 95% CI reconstructed from frozen model estimate and SE
ALS_vs_Control	OPC	ARHGAP35	-0.0658979963995425	-0.275800228169956	0.144004235370871	0.938419228698915	-0.153635049497587	-0.573829917875329	0.266559818880155	0.986977063947027	TRUE	direction_only	17	37	cohort-specific limma donor-aware gene contrast	gene-model adjusted FDR within each cohort/model collection; no combined gene-level FDR	normal-approximation 95% CI reconstructed from frozen model estimate and SE
ALS_vs_Control	OPC	ARHGAP39	0.21406191581457	-0.243431951607647	0.671555783236787	0.885525173467671	0.370690181672376	-0.13074682121638	0.872127184561132	0.986977063947027	TRUE	direction_only	17	37	cohort-specific limma donor-aware gene contrast	gene-model adjusted FDR within each cohort/model collection; no combined gene-level FDR	normal-approximation 95% CI reconstructed from frozen model estimate and SE
ALS_vs_Control	OPC	BAG3	1.50749973707803	0.186585470762414	2.82841400339365	0.511196292729886	-0.547356258308393	-1.94206266313938	0.84735014652259	0.986977063947027	FALSE	discordant_direction	17	37	cohort-specific limma donor-aware gene contrast	gene-model adjusted FDR within each cohort/model collection; no combined gene-level FDR	normal-approximation 95% CI reconstructed from frozen model estimate and SE
ALS_vs_Control	OPC	BCR	0.0171540226780755	-0.200722334749407	0.235030380105558	0.989181779656172	-0.188000217712915	-0.677576570441207	0.301576135015377	0.986977063947027	FALSE	discordant_direction	17	37	cohort-specific limma donor-aware gene contrast	gene-model adjusted FDR within each cohort/model collection; no combined gene-level FDR	normal-approximation 95% CI reconstructed from frozen model estimate and SE
ALS_vs_Control	OPC	CCT5	0.427481278669984	-0.365474571860731	1.2204371292007	0.856496997329863	0.137809183196959	-0.472345707715284	0.747964074109202	0.986977063947027	TRUE	direction_only	17	37	cohort-specific limma donor-aware gene contrast	gene-model adjusted FDR within each cohort/model collection; no combined gene-level FDR	normal-approximation 95% CI reconstructed from frozen model estimate and SE
ALS_vs_Control	OPC	CCT8	-0.0889459341922407	-0.972600311753775	0.794708443369294	0.985735823679277	0.291056555367032	-0.237360731607546	0.819473842341611	0.986977063947027	FALSE	discordant_direction	17	37	cohort-specific limma donor-aware gene contrast	gene-model adjusted FDR within each cohort/model collection; no combined gene-level FDR	normal-approximation 95% CI reconstructed from frozen model estimate and SE
ALS_vs_Control	OPC	CHORDC1	0.44585471710364	-0.372015954852737	1.26372538906002	0.854283999850571	0.110096663034582	-0.632849324037	0.853042650106164	0.996940306081293	TRUE	direction_only	17	37	cohort-specific limma donor-aware gene contrast	gene-model adjusted FDR within each cohort/model collection; no combined gene-level FDR	normal-approximation 95% CI reconstructed from frozen model estimate and SE
ALS_vs_Control	OPC	COA3	-0.267432992775252	-2.4085634195291	1.87369743397859	0.981786615392462	0.0730979730779415	-0.618920911640201	0.765116857796084	0.999318690250022	FALSE	discordant_direction	17	37	cohort-specific limma donor-aware gene contrast	gene-model adjusted FDR within each cohort/model collection; no combined gene-level FDR	normal-approximation 95% CI reconstructed from frozen model estimate and SE
ALS_vs_Control	OPC	COX5B	1.11708779748738	-1.2133958286404	3.44757142361516	0.880973530550881	0.242244009813001	-0.81567014650546	1.30015816613146	0.986977063947027	TRUE	direction_only	17	37	cohort-specific limma donor-aware gene contrast	gene-model adjusted FDR within each cohort/model collection; no combined gene-level FDR	normal-approximation 95% CI reconstructed from frozen model estimate and SE
ALS_vs_Control	OPC	COX7C	0.299219032717754	-1.98837478676888	2.58681285220439	0.980686259972842	0.426768950006945	-0.471700679332878	1.32523857934677	0.986977063947027	TRUE	direction_only	17	37	cohort-specific limma donor-aware gene contrast	gene-model adjusted FDR within each cohort/model collection; no combined gene-level FDR	normal-approximation 95% CI reconstructed from frozen model estimate and SE
ALS_vs_Control	OPC	DOCK7	0.304871394247807	-0.010037529897143	0.619780318392757	0.618885763382413	-0.376088036279297	-0.800946200048861	0.0487701274902672	0.986977063947027	FALSE	discordant_direction	17	37	cohort-specific limma donor-aware gene contrast	gene-model adjusted FDR within each cohort/model collection; no combined gene-level FDR	normal-approximation 95% CI reconstructed from frozen model estimate and SE
ALS_vs_Control	OPC	HSP90AA1	1.30344609054707	-0.706083827042913	3.31297600813705	0.807046270124138	0.510455372209585	-0.352136037333396	1.37304678175257	0.986977063947027	TRUE	direction_only	17	37	cohort-specific limma donor-aware gene contrast	gene-model adjusted FDR within each cohort/model collection; no combined gene-level FDR	normal-approximation 95% CI reconstructed from frozen model estimate and SE
ALS_vs_Control	OPC	HSP90AB1	1.78102240156779	0.194190600845994	3.36785420228959	0.529147703020159	0.415625905853065	-0.351012297549434	1.18226410925556	0.986977063947027	TRUE	direction_only	17	37	cohort-specific limma donor-aware gene contrast	gene-model adjusted FDR within each cohort/model collection; no combined gene-level FDR	normal-approximation 95% CI reconstructed from frozen model estimate and SE
ALS_vs_Control	OPC	MAP1B	0.416225053984892	-0.657402342769124	1.48985245073891	0.915136581284996	0.234742798249669	-0.240462714502658	0.709948311001996	0.986977063947027	TRUE	direction_only	17	37	cohort-specific limma donor-aware gene contrast	gene-model adjusted FDR within each cohort/model collection; no combined gene-level FDR	normal-approximation 95% CI reconstructed from frozen model estimate and SE
ALS_vs_Control	OPC	MAPT	0.149123261434487	-0.247475906600063	0.545722429469037	0.918467765413625	-0.179505857351211	-0.578836181767509	0.219824467065087	0.986977063947027	FALSE	discordant_direction	17	37	cohort-specific limma donor-aware gene contrast	gene-model adjusted FDR within each cohort/model collection; no combined gene-level FDR	normal-approximation 95% CI reconstructed from frozen model estimate and SE
ALS_vs_Control	OPC	PARK7	0.600253530206895	-1.40914425631533	2.60965131672912	0.943266605209026	0.287340933973699	-0.436915956129476	1.01159782407687	0.986977063947027	TRUE	direction_only	17	37	cohort-specific limma donor-aware gene contrast	gene-model adjusted FDR within each cohort/model collection; no combined gene-level FDR	normal-approximation 95% CI reconstructed from frozen model estimate and SE
ALS_vs_Control	OPC	STARD13	0.00601872743252718	-0.337701557407292	0.349739012272346	0.997478713511678	-0.430158488367077	-1.00286961490252	0.142552638168364	0.986977063947027	FALSE	discordant_direction	17	37	cohort-specific limma donor-aware gene contrast	gene-model adjusted FDR within each cohort/model collection; no combined gene-level FDR	normal-approximation 95% CI reconstructed from frozen model estimate and SE
ALS_vs_Control	Oligodendrocyte	ARHGAP35	0.0821310895096703	-0.143848659264739	0.308110838284079	0.923128071569657	-0.134140550973166	-0.538887256599599	0.270606154653267	0.970387790854141	FALSE	discordant_direction	17	37	cohort-specific limma donor-aware gene contrast	gene-model adjusted FDR within each cohort/model collection; no combined gene-level FDR	normal-approximation 95% CI reconstructed from frozen model estimate and SE
ALS_vs_Control	Oligodendrocyte	ARHGAP39	0.973877687534975	0.415185561357261	1.53256981371269	0.246189440331991	0.162943634369681	-0.629621433236147	0.955508701975509	0.988592593100892	TRUE	direction_only	17	37	cohort-specific limma donor-aware gene contrast	gene-model adjusted FDR within each cohort/model collection; no combined gene-level FDR	normal-approximation 95% CI reconstructed from frozen model estimate and SE
ALS_vs_Control	Oligodendrocyte	BAG3	2.35072199436018	-0.687614953679891	5.38905894240025	0.73949354105589	0.281578136896337	-1.18320641794986	1.74636269174254	0.990085464605502	TRUE	direction_only	17	37	cohort-specific limma donor-aware gene contrast	gene-model adjusted FDR within each cohort/model collection; no combined gene-level FDR	normal-approximation 95% CI reconstructed from frozen model estimate and SE
ALS_vs_Control	Oligodendrocyte	BCR	0.282480799786907	-0.155112801621568	0.720074401195382	0.807870749122672	-0.12735660811617	-0.657241579560821	0.402528363328481	0.985468012978478	FALSE	discordant_direction	17	37	cohort-specific limma donor-aware gene contrast	gene-model adjusted FDR within each cohort/model collection; no combined gene-level FDR	normal-approximation 95% CI reconstructed from frozen model estimate and SE
ALS_vs_Control	Oligodendrocyte	CCT5	-0.183500419360465	-1.0520575920074	0.685056753286468	0.964543271440211	0.396866477249048	-0.275852494029963	1.06958544852806	0.924340994780789	FALSE	discordant_direction	17	37	cohort-specific limma donor-aware gene contrast	gene-model adjusted FDR within each cohort/model collection; no combined gene-level FDR	normal-approximation 95% CI reconstructed from frozen model estimate and SE
ALS_vs_Control	Oligodendrocyte	CCT8	-0.524652589826074	-1.69631628342326	0.647011103771113	0.893560872586296	0.540895838036267	-0.0351015903886616	1.1168932664612	0.838374545149731	FALSE	discordant_direction	17	37	cohort-specific limma donor-aware gene contrast	gene-model adjusted FDR within each cohort/model collection; no combined gene-level FDR	normal-approximation 95% CI reconstructed from frozen model estimate and SE
ALS_vs_Control	Oligodendrocyte	CHORDC1	0.665413141815479	-0.108454415365166	1.43928069899612	0.690024186586004	0.234715583262884	-0.724344698759118	1.19377586528489	0.985468012978478	TRUE	direction_only	17	37	cohort-specific limma donor-aware gene contrast	gene-model adjusted FDR within each cohort/model collection; no combined gene-level FDR	normal-approximation 95% CI reconstructed from frozen model estimate and SE
ALS_vs_Control	Oligodendrocyte	COA3	-0.363095824192205	-2.34182508690247	1.61563343851806	0.970245601089826	0.529950719358008	-0.234359350593204	1.29426078930922	0.908166055932009	FALSE	discordant_direction	17	37	cohort-specific limma donor-aware gene contrast	gene-model adjusted FDR within each cohort/model collection; no combined gene-level FDR	normal-approximation 95% CI reconstructed from frozen model estimate and SE
ALS_vs_Control	Oligodendrocyte	COX5B	0.943780255542529	-1.91623477654447	3.80379528762953	0.933693414526211	0.427463838950636	-0.631905011253627	1.4868326891549	0.960747476296538	TRUE	direction_only	17	37	cohort-specific limma donor-aware gene contrast	gene-model adjusted FDR within each cohort/model collection; no combined gene-level FDR	normal-approximation 95% CI reconstructed from frozen model estimate and SE
ALS_vs_Control	Oligodendrocyte	COX7C	0.396162520727896	-2.54496407685306	3.33728911830886	0.97977567766659	0.723341158329456	-0.413066116987764	1.85974843364668	0.913285325957524	TRUE	direction_only	17	37	cohort-specific limma donor-aware gene contrast	gene-model adjusted FDR within each cohort/model collection; no combined gene-level FDR	normal-approximation 95% CI reconstructed from frozen model estimate and SE
ALS_vs_Control	Oligodendrocyte	DOCK7	0.319694523710685	-0.0917186674895422	0.731107714910912	0.737014320194435	-0.145890490207144	-0.680045074555133	0.388264094140845	0.98248287362097	FALSE	discordant_direction	17	37	cohort-specific limma donor-aware gene contrast	gene-model adjusted FDR within each cohort/model collection; no combined gene-level FDR	normal-approximation 95% CI reconstructed from frozen model estimate and SE
ALS_vs_Control	Oligodendrocyte	HSP90AA1	0.717386468262063	-0.930837209279372	2.3656101458035	0.898608562043186	0.163316381554091	-0.499262144837782	0.825894907945964	0.985468012978478	TRUE	direction_only	17	37	cohort-specific limma donor-aware gene contrast	gene-model adjusted FDR within each cohort/model collection; no combined gene-level FDR	normal-approximation 95% CI reconstructed from frozen model estimate and SE
ALS_vs_Control	Oligodendrocyte	HSP90AB1	0.997272400025125	-0.733980379893566	2.72852517994382	0.840502489653999	0.752465752383166	-0.0454779307216452	1.55040943548798	0.838374545149731	TRUE	direction_only	17	37	cohort-specific limma donor-aware gene contrast	gene-model adjusted FDR within each cohort/model collection; no combined gene-level FDR	normal-approximation 95% CI reconstructed from frozen model estimate and SE
ALS_vs_Control	Oligodendrocyte	MAP1B	0.615678141393648	-1.0415081045846	2.2728643873719	0.920338799000579	0.0431548426429078	-0.369410953954894	0.45572063924071	0.994266381409201	TRUE	direction_only	17	37	cohort-specific limma donor-aware gene contrast	gene-model adjusted FDR within each cohort/model collection; no combined gene-level FDR	normal-approximation 95% CI reconstructed from frozen model estimate and SE
ALS_vs_Control	Oligodendrocyte	MAPT	0.17719546363044	-0.135458070731242	0.489848997992122	0.844454584527991	-0.268378178345682	-0.682889456681431	0.146133099990067	0.913285325957524	FALSE	discordant_direction	17	37	cohort-specific limma donor-aware gene contrast	gene-model adjusted FDR within each cohort/model collection; no combined gene-level FDR	normal-approximation 95% CI reconstructed from frozen model estimate and SE
ALS_vs_Control	Oligodendrocyte	PARK7	0.787365184650969	-1.26818879995721	2.84291916925915	0.916544834156825	0.428388142379778	-0.344210174003136	1.20098645876269	0.927198228006439	TRUE	direction_only	17	37	cohort-specific limma donor-aware gene contrast	gene-model adjusted FDR within each cohort/model collection; no combined gene-level FDR	normal-approximation 95% CI reconstructed from frozen model estimate and SE
ALS_vs_Control	Oligodendrocyte	STARD13	-0.273568242861048	-0.564840442839562	0.0177039571174664	0.639758620641636	-0.316951427514233	-0.747568665781805	0.113665810753339	0.904124746931197	TRUE	direction_only	17	37	cohort-specific limma donor-aware gene contrast	gene-model adjusted FDR within each cohort/model collection; no combined gene-level FDR	normal-approximation 95% CI reconstructed from frozen model estimate and SE
ALS_vs_FTD	Astrocyte	ARHGAP35	-0.404547089276039	-0.884258933684481	0.0751647551324025	0.698772155359435	-0.476347594781653	-0.987900488796647	0.0352052992333409	0.580444687010113	TRUE	direction_only	16	37	cohort-specific limma donor-aware gene contrast	gene-model adjusted FDR within each cohort/model collection; no combined gene-level FDR	normal-approximation 95% CI reconstructed from frozen model estimate and SE
ALS_vs_FTD	Astrocyte	ARHGAP39	0.235657057503763	-0.425714951279455	0.897029066286981	0.925610614266036	0.0774465210729431	-0.791870185911301	0.946763228057188	0.976729171073792	TRUE	direction_only	16	37	cohort-specific limma donor-aware gene contrast	gene-model adjusted FDR within each cohort/model collection; no combined gene-level FDR	normal-approximation 95% CI reconstructed from frozen model estimate and SE
ALS_vs_FTD	Astrocyte	BAG3	-0.300212922135628	-1.30722584893877	0.706800004667511	0.94348356573455	-0.595084492036376	-1.68220573114392	0.492036747071169	0.774727637399867	TRUE	direction_only	16	37	cohort-specific limma donor-aware gene contrast	gene-model adjusted FDR within each cohort/model collection; no combined gene-level FDR	normal-approximation 95% CI reconstructed from frozen model estimate and SE
ALS_vs_FTD	Astrocyte	BCR	0.416460075801505	0.00343975667271679	0.829480394930293	0.598805152924406	0.249739004814604	-0.371373825960106	0.870851835589314	0.850073231785552	TRUE	direction_only	16	37	cohort-specific limma donor-aware gene contrast	gene-model adjusted FDR within each cohort/model collection; no combined gene-level FDR	normal-approximation 95% CI reconstructed from frozen model estimate and SE
ALS_vs_FTD	Astrocyte	CCT5	-0.482568583953184	-2.66480017182731	1.69966300392095	0.962301237409131	0.0451850789302513	-0.866803374928141	0.957173532788643	0.987117972042149	FALSE	discordant_direction	16	37	cohort-specific limma donor-aware gene contrast	gene-model adjusted FDR within each cohort/model collection; no combined gene-level FDR	normal-approximation 95% CI reconstructed from frozen model estimate and SE
ALS_vs_FTD	Astrocyte	CCT8	-0.567080929111092	-1.88191209796097	0.747750239738781	0.90022041834071	0.331056510944157	-0.499578612762482	1.1616916346508	0.850883094329428	FALSE	discordant_direction	16	37	cohort-specific limma donor-aware gene contrast	gene-model adjusted FDR within each cohort/model collection; no combined gene-level FDR	normal-approximation 95% CI reconstructed from frozen model estimate and SE
ALS_vs_FTD	Astrocyte	CHORDC1	-0.900452071304958	-1.85604335741155	0.0551392148016338	0.640131657232367	-0.381793507582831	-1.41625605321635	0.652669038050685	0.865475431923926	TRUE	direction_only	16	37	cohort-specific limma donor-aware gene contrast	gene-model adjusted FDR within each cohort/model collection; no combined gene-level FDR	normal-approximation 95% CI reconstructed from frozen model estimate and SE
ALS_vs_FTD	Astrocyte	COA3	-3.92297561480223	-6.13293381327547	-1.71301741632899	0.241903406583883	-0.0587543700318705	-1.02217627798898	0.904667537925242	0.985407334262688	TRUE	direction_only	16	37	cohort-specific limma donor-aware gene contrast	gene-model adjusted FDR within each cohort/model collection; no combined gene-level FDR	normal-approximation 95% CI reconstructed from frozen model estimate and SE
ALS_vs_FTD	Astrocyte	COX5B	-2.6469019295448	-5.39719956372821	0.103395704638605	0.628659696495412	0.710131015805589	-0.552879656050467	1.97314168766165	0.769746951074378	FALSE	discordant_direction	16	37	cohort-specific limma donor-aware gene contrast	gene-model adjusted FDR within each cohort/model collection; no combined gene-level FDR	normal-approximation 95% CI reconstructed from frozen model estimate and SE
ALS_vs_FTD	Astrocyte	COX7C	-2.00807599035162	-4.12674343730266	0.110591456599419	0.63732906696842	0.924429979340166	-0.222429006186815	2.07128896486715	0.644244893000371	FALSE	discordant_direction	16	37	cohort-specific limma donor-aware gene contrast	gene-model adjusted FDR within each cohort/model collection; no combined gene-level FDR	normal-approximation 95% CI reconstructed from frozen model estimate and SE
ALS_vs_FTD	Astrocyte	DOCK7	-0.434868109714582	-0.804855895514678	-0.0648803239144862	0.498027547635882	-0.331583323233508	-0.83946050001213	0.176293853545114	0.726637252462197	TRUE	direction_only	16	37	cohort-specific limma donor-aware gene contrast	gene-model adjusted FDR within each cohort/model collection; no combined gene-level FDR	normal-approximation 95% CI reconstructed from frozen model estimate and SE
ALS_vs_FTD	Astrocyte	HSP90AA1	-2.84769925526376	-5.45012783626384	-0.245270674263685	0.54691125513016	-0.104045142976588	-1.33722420589335	1.12913391994017	0.977431829350956	TRUE	direction_only	16	37	cohort-specific limma donor-aware gene contrast	gene-model adjusted FDR within each cohort/model collection; no combined gene-level FDR	normal-approximation 95% CI reconstructed from frozen model estimate and SE
ALS_vs_FTD	Astrocyte	HSP90AB1	-3.94789786082788	-5.90912761192025	-1.98666810973551	0.180281313293335	0.268716322487512	-0.814833364075189	1.35226600905021	0.919611587496366	FALSE	discordant_direction	16	37	cohort-specific limma donor-aware gene contrast	gene-model adjusted FDR within each cohort/model collection; no combined gene-level FDR	normal-approximation 95% CI reconstructed from frozen model estimate and SE
ALS_vs_FTD	Astrocyte	MAP1B	-2.7106156058624	-4.83409755956074	-0.587133652164061	0.441895802555089	1.04402742450104	0.0033634693356297	2.08469137966645	0.545003344716789	FALSE	discordant_direction	16	37	cohort-specific limma donor-aware gene contrast	gene-model adjusted FDR within each cohort/model collection; no combined gene-level FDR	normal-approximation 95% CI reconstructed from frozen model estimate and SE
ALS_vs_FTD	Astrocyte	MAPT	0.36149535707357	0.00934528414027591	0.713645430006864	0.587295698919112	0.321620799516332	-0.260845776654812	0.904087375687476	0.772606865323867	TRUE	direction_only	16	37	cohort-specific limma donor-aware gene contrast	gene-model adjusted FDR within each cohort/model collection; no combined gene-level FDR	normal-approximation 95% CI reconstructed from frozen model estimate and SE
ALS_vs_FTD	Astrocyte	PARK7	-3.99192576927195	-6.65659786195348	-1.32725367659042	0.338111199716118	0.133104223552542	-0.724978884728044	0.991187331833128	0.952274056835889	FALSE	discordant_direction	16	37	cohort-specific limma donor-aware gene contrast	gene-model adjusted FDR within each cohort/model collection; no combined gene-level FDR	normal-approximation 95% CI reconstructed from frozen model estimate and SE
ALS_vs_FTD	Astrocyte	STARD13	-0.804742236378638	-1.31128489795301	-0.298199574804262	0.302908422627711	-0.65317780162655	-1.24993657141362	-0.0564190318394778	0.498969150408142	TRUE	direction_only	16	37	cohort-specific limma donor-aware gene contrast	gene-model adjusted FDR within each cohort/model collection; no combined gene-level FDR	normal-approximation 95% CI reconstructed from frozen model estimate and SE
ALS_vs_FTD	OPC	ARHGAP35	-0.513156174682125	-0.738589927274871	-0.28772242208938	0.125015332729048	-0.485572270025168	-1.02636473004449	0.0552201899941492	0.776228843479065	TRUE	direction_only	17	37	cohort-specific limma donor-aware gene contrast	gene-model adjusted FDR within each cohort/model collection; no combined gene-level FDR	normal-approximation 95% CI reconstructed from frozen model estimate and SE
ALS_vs_FTD	OPC	ARHGAP39	-0.14535701330781	-0.636373718054751	0.345659691439131	0.943872024008682	0.250371002592638	-0.416083062121104	0.91682506730638	0.929051204365154	FALSE	discordant_direction	17	37	cohort-specific limma donor-aware gene contrast	gene-model adjusted FDR within each cohort/model collection; no combined gene-level FDR	normal-approximation 95% CI reconstructed from frozen model estimate and SE
ALS_vs_FTD	OPC	BAG3	-0.816969681286028	-1.92856565209392	0.294626289521864	0.758664863337311	0.168485134010168	-1.70647001409027	2.04344028211061	0.986095838530884	FALSE	discordant_direction	17	37	cohort-specific limma donor-aware gene contrast	gene-model adjusted FDR within each cohort/model collection; no combined gene-level FDR	normal-approximation 95% CI reconstructed from frozen model estimate and SE
ALS_vs_FTD	OPC	BCR	-0.184169056931547	-0.419131293577108	0.050793179714014	0.731161968306899	-0.260931289784864	-0.896554719737246	0.374692140167517	0.918072071063299	TRUE	direction_only	17	37	cohort-specific limma donor-aware gene contrast	gene-model adjusted FDR within each cohort/model collection; no combined gene-level FDR	normal-approximation 95% CI reconstructed from frozen model estimate and SE
ALS_vs_FTD	OPC	CCT5	-0.315995758899819	-1.13478336582038	0.502791848020747	0.915475505591739	0.192732754423504	-0.637306003618528	1.02277151246554	0.961726718848894	FALSE	discordant_direction	17	37	cohort-specific limma donor-aware gene contrast	gene-model adjusted FDR within each cohort/model collection; no combined gene-level FDR	normal-approximation 95% CI reconstructed from frozen model estimate and SE
ALS_vs_FTD	OPC	CCT8	-0.497585413954987	-1.42906283548891	0.433892007578934	0.858599941685428	0.376727818311656	-0.334213000063602	1.08766863668691	0.88431331290388	FALSE	discordant_direction	17	37	cohort-specific limma donor-aware gene contrast	gene-model adjusted FDR within each cohort/model collection; no combined gene-level FDR	normal-approximation 95% CI reconstructed from frozen model estimate and SE
ALS_vs_FTD	OPC	CHORDC1	-0.941440500158228	-1.78375366247758	-0.099127337838877	0.53098691096249	-0.110119722007386	-1.09562640911369	0.87538696509892	0.981634429272657	TRUE	direction_only	17	37	cohort-specific limma donor-aware gene contrast	gene-model adjusted FDR within each cohort/model collection; no combined gene-level FDR	normal-approximation 95% CI reconstructed from frozen model estimate and SE
ALS_vs_FTD	OPC	COA3	-1.55711843708173	-3.44150822231548	0.327271348152021	0.706152012667967	0.39979388179662	-0.539413465359247	1.33900122895249	0.913419222313612	FALSE	discordant_direction	17	37	cohort-specific limma donor-aware gene contrast	gene-model adjusted FDR within each cohort/model collection; no combined gene-level FDR	normal-approximation 95% CI reconstructed from frozen model estimate and SE
ALS_vs_FTD	OPC	COX5B	-1.14910304739116	-3.29614626933716	0.997940174554839	0.857889040639164	0.464782701539433	-0.956062800197235	1.8856282032761	0.940071583409379	FALSE	discordant_direction	17	37	cohort-specific limma donor-aware gene contrast	gene-model adjusted FDR within each cohort/model collection; no combined gene-level FDR	normal-approximation 95% CI reconstructed from frozen model estimate and SE
ALS_vs_FTD	OPC	COX7C	-1.473939177488	-3.60517255856171	0.65729420358571	0.784296047246305	0.634993134414077	-0.57581438275877	1.84580065158692	0.884626212082908	FALSE	discordant_direction	17	37	cohort-specific limma donor-aware gene contrast	gene-model adjusted FDR within each cohort/model collection; no combined gene-level FDR	normal-approximation 95% CI reconstructed from frozen model estimate and SE
ALS_vs_FTD	OPC	DOCK7	0.106194499684776	-0.235666600612832	0.448055599982384	0.939673283099057	0.0380483911124871	-0.522406729553418	0.598503511778392	0.989513870954234	TRUE	direction_only	17	37	cohort-specific limma donor-aware gene contrast	gene-model adjusted FDR within each cohort/model collection; no combined gene-level FDR	normal-approximation 95% CI reconstructed from frozen model estimate and SE
ALS_vs_FTD	OPC	HSP90AA1	-2.41598869277598	-4.18059486401751	-0.651382521534455	0.393247796528145	0.383659050762126	-0.733109563807993	1.50042766533224	0.934603958927057	FALSE	discordant_direction	17	37	cohort-specific limma donor-aware gene contrast	gene-model adjusted FDR within each cohort/model collection; no combined gene-level FDR	normal-approximation 95% CI reconstructed from frozen model estimate and SE
ALS_vs_FTD	OPC	HSP90AB1	-2.71441567195703	-3.93981230420469	-1.48901903970937	0.141333433475843	0.451462880182523	-0.548398605296671	1.45132436566172	0.905928307551889	FALSE	discordant_direction	17	37	cohort-specific limma donor-aware gene contrast	gene-model adjusted FDR within each cohort/model collection; no combined gene-level FDR	normal-approximation 95% CI reconstructed from frozen model estimate and SE
ALS_vs_FTD	OPC	MAP1B	-1.43609911106077	-2.53477046143531	-0.337427760686226	0.423066371981149	0.354270732056882	-0.260967640058189	0.969509104171953	0.877282320734128	FALSE	discordant_direction	17	37	cohort-specific limma donor-aware gene contrast	gene-model adjusted FDR within each cohort/model collection; no combined gene-level FDR	normal-approximation 95% CI reconstructed from frozen model estimate and SE
ALS_vs_FTD	OPC	MAPT	-0.58243191050354	-1.00717225559293	-0.157691565414151	0.385429370751098	-0.395167516665438	-0.912290293262831	0.121955259931955	0.823315668890759	TRUE	direction_only	17	37	cohort-specific limma donor-aware gene contrast	gene-model adjusted FDR within each cohort/model collection; no combined gene-level FDR	normal-approximation 95% CI reconstructed from frozen model estimate and SE
ALS_vs_FTD	OPC	PARK7	-1.9790635668258	-3.52070103486325	-0.437426098788347	0.432477523821415	0.0616669427268448	-0.911969680230199	1.03530356568389	0.991508134241219	FALSE	discordant_direction	17	37	cohort-specific limma donor-aware gene contrast	gene-model adjusted FDR within each cohort/model collection; no combined gene-level FDR	normal-approximation 95% CI reconstructed from frozen model estimate and SE
ALS_vs_FTD	OPC	STARD13	-0.387106137313542	-0.758497901016894	-0.0157143736101902	0.571841922831087	-0.619388676716674	-1.37460860681115	0.135831253377802	0.798971512204286	TRUE	direction_only	17	37	cohort-specific limma donor-aware gene contrast	gene-model adjusted FDR within each cohort/model collection; no combined gene-level FDR	normal-approximation 95% CI reconstructed from frozen model estimate and SE
ALS_vs_FTD	Oligodendrocyte	ARHGAP35	-0.447522559083051	-0.714192041054431	-0.180853077111671	0.268597499543726	-0.0235790417180644	-0.537019224426636	0.489861140990507	0.996767902179043	TRUE	direction_only	17	37	cohort-specific limma donor-aware gene contrast	gene-model adjusted FDR within each cohort/model collection; no combined gene-level FDR	normal-approximation 95% CI reconstructed from frozen model estimate and SE
ALS_vs_FTD	Oligodendrocyte	ARHGAP39	0.449711872052728	-0.379160111534159	1.27858385563962	0.855154261807509	-0.0544587513477803	-1.07290419484573	0.963986692150165	0.996390051345435	FALSE	discordant_direction	17	37	cohort-specific limma donor-aware gene contrast	gene-model adjusted FDR within each cohort/model collection; no combined gene-level FDR	normal-approximation 95% CI reconstructed from frozen model estimate and SE
ALS_vs_FTD	Oligodendrocyte	BAG3	-3.0222937480467	-5.9118195407559	-0.132767955337496	0.574280859158524	-0.293074712752671	-2.1536211305884	1.56747170508306	0.996390051345435	TRUE	direction_only	17	37	cohort-specific limma donor-aware gene contrast	gene-model adjusted FDR within each cohort/model collection; no combined gene-level FDR	normal-approximation 95% CI reconstructed from frozen model estimate and SE
ALS_vs_FTD	Oligodendrocyte	BCR	-0.100021715393157	-0.672959153095277	0.472915722308963	0.971797696658442	-0.0809188893163553	-0.760785708473936	0.598947929841225	0.996390051345435	TRUE	direction_only	17	37	cohort-specific limma donor-aware gene contrast	gene-model adjusted FDR within each cohort/model collection; no combined gene-level FDR	normal-approximation 95% CI reconstructed from frozen model estimate and SE
ALS_vs_FTD	Oligodendrocyte	CCT5	-0.893986451133547	-1.97684085433983	0.188867952072735	0.708826892244497	-0.3712491854498	-1.22221346038359	0.479715089483988	0.977012713552985	TRUE	direction_only	17	37	cohort-specific limma donor-aware gene contrast	gene-model adjusted FDR within each cohort/model collection; no combined gene-level FDR	normal-approximation 95% CI reconstructed from frozen model estimate and SE
ALS_vs_FTD	Oligodendrocyte	CCT8	-0.907130693944706	-2.36547036795677	0.551208980067358	0.819480409202307	0.317890668795244	-0.416158589383728	1.05193992697422	0.977012713552985	FALSE	discordant_direction	17	37	cohort-specific limma donor-aware gene contrast	gene-model adjusted FDR within each cohort/model collection; no combined gene-level FDR	normal-approximation 95% CI reconstructed from frozen model estimate and SE
ALS_vs_FTD	Oligodendrocyte	CHORDC1	-1.26285093074213	-2.1616726992265	-0.364029162257761	0.375113682301371	-0.444551046526363	-1.66019616045436	0.771094067401632	0.978310916378204	TRUE	direction_only	17	37	cohort-specific limma donor-aware gene contrast	gene-model adjusted FDR within each cohort/model collection; no combined gene-level FDR	normal-approximation 95% CI reconstructed from frozen model estimate and SE
ALS_vs_FTD	Oligodendrocyte	COA3	-2.02639420402184	-4.26874269813023	0.215954290086553	0.66250297388868	-0.140775072980503	-1.13047377965383	0.84892363369282	0.996390051345435	TRUE	direction_only	17	37	cohort-specific limma donor-aware gene contrast	gene-model adjusted FDR within each cohort/model collection; no combined gene-level FDR	normal-approximation 95% CI reconstructed from frozen model estimate and SE
ALS_vs_FTD	Oligodendrocyte	COX5B	-2.14092168070473	-5.05725739503427	0.77541403362481	0.760589154158252	-0.192081938723102	-1.53337707293918	1.14921319549297	0.996390051345435	TRUE	direction_only	17	37	cohort-specific limma donor-aware gene contrast	gene-model adjusted FDR within each cohort/model collection; no combined gene-level FDR	normal-approximation 95% CI reconstructed from frozen model estimate and SE
ALS_vs_FTD	Oligodendrocyte	COX7C	-3.35472228777733	-6.27759443871039	-0.431850136844274	0.51308021126331	0.148451722288963	-1.29765599903605	1.59455944361398	0.996390051345435	FALSE	discordant_direction	17	37	cohort-specific limma donor-aware gene contrast	gene-model adjusted FDR within each cohort/model collection; no combined gene-level FDR	normal-approximation 95% CI reconstructed from frozen model estimate and SE
ALS_vs_FTD	Oligodendrocyte	DOCK7	-0.630627725634554	-1.13401305197898	-0.127242399290124	0.450813828563816	-0.38170787343025	-1.05279616554554	0.28938041868504	0.939922331893033	TRUE	direction_only	17	37	cohort-specific limma donor-aware gene contrast	gene-model adjusted FDR within each cohort/model collection; no combined gene-level FDR	normal-approximation 95% CI reconstructed from frozen model estimate and SE
ALS_vs_FTD	Oligodendrocyte	HSP90AA1	-1.07935127659185	-2.87568635978907	0.71698380660537	0.829213405403377	-0.280899026352337	-1.13414856488166	0.572350512176988	0.980872412960729	TRUE	direction_only	17	37	cohort-specific limma donor-aware gene contrast	gene-model adjusted FDR within each cohort/model collection; no combined gene-level FDR	normal-approximation 95% CI reconstructed from frozen model estimate and SE
ALS_vs_FTD	Oligodendrocyte	HSP90AB1	-1.64420474612897	-3.51464634633163	0.226236854073688	0.678106938442987	0.251147583088933	-0.764105880684711	1.26640104686258	0.985053252980032	FALSE	discordant_direction	17	37	cohort-specific limma donor-aware gene contrast	gene-model adjusted FDR within each cohort/model collection; no combined gene-level FDR	normal-approximation 95% CI reconstructed from frozen model estimate and SE
ALS_vs_FTD	Oligodendrocyte	MAP1B	-1.3308838991164	-3.18569627313787	0.523928474905073	0.770179245152751	0.584877821481822	0.0573601095044811	1.11239553345916	0.711305541045283	FALSE	discordant_direction	17	37	cohort-specific limma donor-aware gene contrast	gene-model adjusted FDR within each cohort/model collection; no combined gene-level FDR	normal-approximation 95% CI reconstructed from frozen model estimate and SE
ALS_vs_FTD	Oligodendrocyte	MAPT	-0.467926194946656	-0.81533491562096	-0.120517474272352	0.399754148808679	-0.730147517159031	-1.26181344634826	-0.198481587969806	0.623676365811167	TRUE	direction_only	17	37	cohort-specific limma donor-aware gene contrast	gene-model adjusted FDR within each cohort/model collection; no combined gene-level FDR	normal-approximation 95% CI reconstructed from frozen model estimate and SE
ALS_vs_FTD	Oligodendrocyte	PARK7	-1.97686004420355	-4.20995811115064	0.256238022743542	0.67395628934929	0.0957412696736366	-0.888590250683323	1.0800727900306	0.996390051345435	FALSE	discordant_direction	17	37	cohort-specific limma donor-aware gene contrast	gene-model adjusted FDR within each cohort/model collection; no combined gene-level FDR	normal-approximation 95% CI reconstructed from frozen model estimate and SE
ALS_vs_FTD	Oligodendrocyte	STARD13	-0.54340943457593	-0.869965295895924	-0.216853573255936	0.271750526803601	-0.157948201822638	-0.708031370438622	0.392134966793346	0.984719647540729	TRUE	direction_only	17	37	cohort-specific limma donor-aware gene contrast	gene-model adjusted FDR within each cohort/model collection; no combined gene-level FDR	normal-approximation 95% CI reconstructed from frozen model estimate and SE
FTD_vs_Control	Astrocyte	ARHGAP35	0.358865321765896	-0.117810018466632	0.835540661998424	0.751238746579595	0.229793514915199	-0.179737364914206	0.639324394744604	0.83806199724898	TRUE	direction_only	16	37	cohort-specific limma donor-aware gene contrast	gene-model adjusted FDR within each cohort/model collection; no combined gene-level FDR	normal-approximation 95% CI reconstructed from frozen model estimate and SE
FTD_vs_Control	Astrocyte	ARHGAP39	0.439184705869162	-0.215342773873298	1.09371218561162	0.796056399404607	0.179693391644371	-0.511061588504678	0.87044837179342	0.951620095206875	TRUE	direction_only	16	37	cohort-specific limma donor-aware gene contrast	gene-model adjusted FDR within each cohort/model collection; no combined gene-level FDR	normal-approximation 95% CI reconstructed from frozen model estimate and SE
FTD_vs_Control	Astrocyte	BAG3	1.0102467411918	0.00602630333416698	2.01446717904943	0.601015975394292	-0.310633525997818	-1.18319209107958	0.561925039083945	0.920232194936995	FALSE	discordant_direction	16	37	cohort-specific limma donor-aware gene contrast	gene-model adjusted FDR within each cohort/model collection; no combined gene-level FDR	normal-approximation 95% CI reconstructed from frozen model estimate and SE
FTD_vs_Control	Astrocyte	BCR	-0.389706559444771	-0.799512501788535	0.020099382898993	0.634369148692115	-0.070014467156498	-0.567240634136825	0.427211699823829	0.972465206887343	TRUE	direction_only	16	37	cohort-specific limma donor-aware gene contrast	gene-model adjusted FDR within each cohort/model collection; no combined gene-level FDR	normal-approximation 95% CI reconstructed from frozen model estimate and SE
FTD_vs_Control	Astrocyte	CCT5	0.218971892760969	-1.78783593802449	2.22577972354642	0.98436192961265	0.2521423790016	-0.500361350379686	1.00464610838289	0.928172837180892	TRUE	direction_only	16	37	cohort-specific limma donor-aware gene contrast	gene-model adjusted FDR within each cohort/model collection; no combined gene-level FDR	normal-approximation 95% CI reconstructed from frozen model estimate and SE
FTD_vs_Control	Astrocyte	CCT8	-0.285415550103278	-1.51684038860865	0.946009288402092	0.960010634992701	-0.0414835510030667	-0.721085528092442	0.638118426086308	0.991149216118649	TRUE	direction_only	16	37	cohort-specific limma donor-aware gene contrast	gene-model adjusted FDR within each cohort/model collection; no combined gene-level FDR	normal-approximation 95% CI reconstructed from frozen model estimate and SE
FTD_vs_Control	Astrocyte	CHORDC1	1.48472187521861	0.554030720811959	2.41541302962526	0.301712677000587	0.262351899713037	-0.579173362155182	1.10387716158126	0.9373640414682	TRUE	direction_only	16	37	cohort-specific limma donor-aware gene contrast	gene-model adjusted FDR within each cohort/model collection; no combined gene-level FDR	normal-approximation 95% CI reconstructed from frozen model estimate and SE
FTD_vs_Control	Astrocyte	COA3	0.806388664395266	-1.06093079390004	2.67370812269057	0.899967331733274	0.409210612582254	-0.408136123878655	1.22655734904316	0.865872186030033	TRUE	direction_only	16	37	cohort-specific limma donor-aware gene contrast	gene-model adjusted FDR within each cohort/model collection; no combined gene-level FDR	normal-approximation 95% CI reconstructed from frozen model estimate and SE
FTD_vs_Control	Astrocyte	COX5B	0.928258168193647	-1.16637942473311	3.02289576112041	0.895657547627814	-0.331345774929694	-1.34726511239225	0.684573562532863	0.930685346167683	FALSE	discordant_direction	16	37	cohort-specific limma donor-aware gene contrast	gene-model adjusted FDR within each cohort/model collection; no combined gene-level FDR	normal-approximation 95% CI reconstructed from frozen model estimate and SE
FTD_vs_Control	Astrocyte	COX7C	0.708072959674111	-1.12204740444374	2.53819332379196	0.915432635896672	-0.337623790867653	-1.24883163561039	0.573584053875084	0.917285019901085	FALSE	discordant_direction	16	37	cohort-specific limma donor-aware gene contrast	gene-model adjusted FDR within each cohort/model collection; no combined gene-level FDR	normal-approximation 95% CI reconstructed from frozen model estimate and SE
FTD_vs_Control	Astrocyte	DOCK7	0.344978521085093	-0.0255129579333189	0.715470000103505	0.646892190742753	0.117537419294269	-0.289025857492105	0.524100696080643	0.942890182286905	TRUE	direction_only	16	37	cohort-specific limma donor-aware gene contrast	gene-model adjusted FDR within each cohort/model collection; no combined gene-level FDR	normal-approximation 95% CI reconstructed from frozen model estimate and SE
FTD_vs_Control	Astrocyte	HSP90AA1	3.52302919223549	0.908329646754034	6.13772873771695	0.403376934016732	0.0908674117265793	-0.895761898712145	1.0774967221653	0.984097196646477	TRUE	direction_only	16	37	cohort-specific limma donor-aware gene contrast	gene-model adjusted FDR within each cohort/model collection; no combined gene-level FDR	normal-approximation 95% CI reconstructed from frozen model estimate and SE
FTD_vs_Control	Astrocyte	HSP90AB1	3.70481348982238	1.92193069899615	5.48769628064861	0.166922581797572	-0.10248282896056	-0.973810230812031	0.768844572890911	0.979867759109163	FALSE	discordant_direction	16	37	cohort-specific limma donor-aware gene contrast	gene-model adjusted FDR within each cohort/model collection; no combined gene-level FDR	normal-approximation 95% CI reconstructed from frozen model estimate and SE
FTD_vs_Control	Astrocyte	MAP1B	3.90393137835746	1.98536833667586	5.82249442003906	0.176830403225823	-0.191803519252253	-1.0235905357487	0.639983497244193	0.958995863590815	FALSE	discordant_direction	16	37	cohort-specific limma donor-aware gene contrast	gene-model adjusted FDR within each cohort/model collection; no combined gene-level FDR	normal-approximation 95% CI reconstructed from frozen model estimate and SE
FTD_vs_Control	Astrocyte	MAPT	0.161391429831567	-0.191134054284142	0.513916913947276	0.890334073983339	0.088108964833399	-0.378611227951673	0.554829157618471	0.966480847426944	TRUE	direction_only	16	37	cohort-specific limma donor-aware gene contrast	gene-model adjusted FDR within each cohort/model collection; no combined gene-level FDR	normal-approximation 95% CI reconstructed from frozen model estimate and SE
FTD_vs_Control	Astrocyte	PARK7	2.47534977259891	0.59453955225474	4.35615999294308	0.420414574363396	0.130178461428652	-0.564351495240486	0.82470841809779	0.966480847426944	TRUE	direction_only	16	37	cohort-specific limma donor-aware gene contrast	gene-model adjusted FDR within each cohort/model collection; no combined gene-level FDR	normal-approximation 95% CI reconstructed from frozen model estimate and SE
FTD_vs_Control	Astrocyte	STARD13	0.49244230736278	-0.0136212151175683	0.998505829843128	0.620878009417574	0.391461457219823	-0.0862582088212243	0.86918112326087	0.711968586908193	TRUE	direction_only	16	37	cohort-specific limma donor-aware gene contrast	gene-model adjusted FDR within each cohort/model collection; no combined gene-level FDR	normal-approximation 95% CI reconstructed from frozen model estimate and SE
FTD_vs_Control	OPC	ARHGAP35	0.447258178282583	0.218235644910242	0.676280711654924	0.180281313293335	0.331937220527581	-0.0883550552391874	0.752229496294349	0.999910824798957	TRUE	direction_only	17	37	cohort-specific limma donor-aware gene contrast	gene-model adjusted FDR within each cohort/model collection; no combined gene-level FDR	normal-approximation 95% CI reconstructed from frozen model estimate and SE
FTD_vs_Control	OPC	ARHGAP39	0.359418929122379	-0.155512595154245	0.874350453399003	0.779331891953111	0.120319179079737	-0.39791358399792	0.638551942157394	0.999910824798957	TRUE	direction_only	17	37	cohort-specific limma donor-aware gene contrast	gene-model adjusted FDR within each cohort/model collection; no combined gene-level FDR	normal-approximation 95% CI reconstructed from frozen model estimate and SE
FTD_vs_Control	OPC	BAG3	2.32446941836406	0.914110547859427	3.73482828886869	0.270755752923578	-0.715841392318561	-2.19391765340555	0.762234868768432	0.999910824798957	FALSE	discordant_direction	17	37	cohort-specific limma donor-aware gene contrast	gene-model adjusted FDR within each cohort/model collection; no combined gene-level FDR	normal-approximation 95% CI reconstructed from frozen model estimate and SE
FTD_vs_Control	OPC	BCR	0.201323079609623	-0.0379393425174599	0.440585501736706	0.696911328589325	0.0729310720719489	-0.424314363113218	0.570176507257116	0.999910824798957	TRUE	direction_only	17	37	cohort-specific limma donor-aware gene contrast	gene-model adjusted FDR within each cohort/model collection; no combined gene-level FDR	normal-approximation 95% CI reconstructed from frozen model estimate and SE
FTD_vs_Control	OPC	CCT5	0.743477037569803	-0.115760286405937	1.60271436154554	0.685910433427637	-0.0549235712265448	-0.713020437640626	0.603173295187537	0.999910824798957	FALSE	discordant_direction	17	37	cohort-specific limma donor-aware gene contrast	gene-model adjusted FDR within each cohort/model collection; no combined gene-level FDR	normal-approximation 95% CI reconstructed from frozen model estimate and SE
FTD_vs_Control	OPC	CCT8	0.408639479762746	-0.537810305478959	1.35508926500445	0.899845774280447	-0.0856712629446239	-0.642512790690682	0.471170264801435	0.999910824798957	FALSE	discordant_direction	17	37	cohort-specific limma donor-aware gene contrast	gene-model adjusted FDR within each cohort/model collection; no combined gene-level FDR	normal-approximation 95% CI reconstructed from frozen model estimate and SE
FTD_vs_Control	OPC	CHORDC1	1.38729521726187	0.50585483967823	2.26873559484551	0.305751277791358	0.220216385041968	-0.551759808453787	0.992192578537723	0.999910824798957	TRUE	direction_only	17	37	cohort-specific limma donor-aware gene contrast	gene-model adjusted FDR within each cohort/model collection; no combined gene-level FDR	normal-approximation 95% CI reconstructed from frozen model estimate and SE
FTD_vs_Control	OPC	COA3	1.28968544430647	-0.943641499518107	3.52301238813105	0.839266189150182	-0.326695908718679	-1.07381026489211	0.420418447454748	0.999910824798957	FALSE	discordant_direction	17	37	cohort-specific limma donor-aware gene contrast	gene-model adjusted FDR within each cohort/model collection; no combined gene-level FDR	normal-approximation 95% CI reconstructed from frozen model estimate and SE
FTD_vs_Control	OPC	COX5B	2.26619084487854	-0.0136502467447004	4.54603193650178	0.602973487627143	-0.222538691726432	-1.33459224264651	0.889514859193642	0.999910824798957	FALSE	discordant_direction	17	37	cohort-specific limma donor-aware gene contrast	gene-model adjusted FDR within each cohort/model collection; no combined gene-level FDR	normal-approximation 95% CI reconstructed from frozen model estimate and SE
FTD_vs_Control	OPC	COX7C	1.77315821020576	-0.376541917095504	3.92285833750702	0.708857154297101	-0.208224184407132	-1.15077940661374	0.734331037799473	0.999910824798957	FALSE	discordant_direction	17	37	cohort-specific limma donor-aware gene contrast	gene-model adjusted FDR within each cohort/model collection; no combined gene-level FDR	normal-approximation 95% CI reconstructed from frozen model estimate and SE
FTD_vs_Control	OPC	DOCK7	0.198676894563032	-0.152173820069657	0.549527609195721	0.843883847197395	-0.414136427391784	-0.853867222665818	0.0255943678822502	0.964669684400098	FALSE	discordant_direction	17	37	cohort-specific limma donor-aware gene contrast	gene-model adjusted FDR within each cohort/model collection; no combined gene-level FDR	normal-approximation 95% CI reconstructed from frozen model estimate and SE
FTD_vs_Control	OPC	HSP90AA1	3.71943478332305	1.61496430276252	5.82390526388358	0.243384089141038	0.126796321447459	-0.750252782874432	1.00384542576935	0.999910824798957	TRUE	direction_only	17	37	cohort-specific limma donor-aware gene contrast	gene-model adjusted FDR within each cohort/model collection; no combined gene-level FDR	normal-approximation 95% CI reconstructed from frozen model estimate and SE
FTD_vs_Control	OPC	HSP90AB1	4.49543807352482	2.85716033129369	6.13371581575595	0.0756900119958357	-0.0358369743294578	-0.81760640674576	0.745932458086845	0.999910824798957	FALSE	discordant_direction	17	37	cohort-specific limma donor-aware gene contrast	gene-model adjusted FDR within each cohort/model collection; no combined gene-level FDR	normal-approximation 95% CI reconstructed from frozen model estimate and SE
FTD_vs_Control	OPC	MAP1B	1.85232416504567	0.703321882801772	3.00132644728957	0.294065725746201	-0.119527933807214	-0.601522699633725	0.362466832019297	0.999910824798957	FALSE	discordant_direction	17	37	cohort-specific limma donor-aware gene contrast	gene-model adjusted FDR within each cohort/model collection; no combined gene-level FDR	normal-approximation 95% CI reconstructed from frozen model estimate and SE
FTD_vs_Control	OPC	MAPT	0.731555171938026	0.301422377651308	1.16168796622474	0.255270380032024	0.215661659314227	-0.192992535891741	0.624315854520195	0.999910824798957	TRUE	direction_only	17	37	cohort-specific limma donor-aware gene contrast	gene-model adjusted FDR within each cohort/model collection; no combined gene-level FDR	normal-approximation 95% CI reconstructed from frozen model estimate and SE
FTD_vs_Control	OPC	PARK7	2.57931709703269	0.540555381224185	4.61807881284119	0.442892324980673	0.225673991246854	-0.542894847063604	0.994242829557312	0.999910824798957	TRUE	direction_only	17	37	cohort-specific limma donor-aware gene contrast	gene-model adjusted FDR within each cohort/model collection; no combined gene-level FDR	normal-approximation 95% CI reconstructed from frozen model estimate and SE
FTD_vs_Control	OPC	STARD13	0.393124864746069	0.0163584398834104	0.769891289608728	0.571101464171536	0.189230188349597	-0.405066862196633	0.783527238895827	0.999910824798957	TRUE	direction_only	17	37	cohort-specific limma donor-aware gene contrast	gene-model adjusted FDR within each cohort/model collection; no combined gene-level FDR	normal-approximation 95% CI reconstructed from frozen model estimate and SE
FTD_vs_Control	Oligodendrocyte	ARHGAP35	0.529653648592722	0.26504238807299	0.794264909112454	0.178034989526927	-0.110561509255102	-0.505803330600259	0.284680312090055	0.853666752314822	FALSE	discordant_direction	17	37	cohort-specific limma donor-aware gene contrast	gene-model adjusted FDR within each cohort/model collection; no combined gene-level FDR	normal-approximation 95% CI reconstructed from frozen model estimate and SE
FTD_vs_Control	Oligodendrocyte	ARHGAP39	0.524165815482246	-0.307861828473848	1.35619345943834	0.815402912103234	0.217402385717461	-0.56629549989742	1.00110027133234	0.854852175797821	TRUE	direction_only	17	37	cohort-specific limma donor-aware gene contrast	gene-model adjusted FDR within each cohort/model collection; no combined gene-level FDR	normal-approximation 95% CI reconstructed from frozen model estimate and SE
FTD_vs_Control	Oligodendrocyte	BAG3	5.37301574240688	2.21960472373645	8.52642676107731	0.260022691071756	0.574652849649008	-0.876871329741095	2.02617702903911	0.77499559548362	TRUE	direction_only	17	37	cohort-specific limma donor-aware gene contrast	gene-model adjusted FDR within each cohort/model collection; no combined gene-level FDR	normal-approximation 95% CI reconstructed from frozen model estimate and SE
FTD_vs_Control	Oligodendrocyte	BCR	0.382502515180065	-0.184913619500384	0.949918649860514	0.793465197402923	-0.0464377187998144	-0.566291317314882	0.473415879715253	0.962175374232613	FALSE	discordant_direction	17	37	cohort-specific limma donor-aware gene contrast	gene-model adjusted FDR within each cohort/model collection; no combined gene-level FDR	normal-approximation 95% CI reconstructed from frozen model estimate and SE
FTD_vs_Control	Oligodendrocyte	CCT5	0.710486031773082	-0.351136516123659	1.77210857966982	0.796447148935151	0.768115662698848	0.124371067117939	1.41186025827976	0.24678326241806	TRUE	direction_only	17	37	cohort-specific limma donor-aware gene contrast	gene-model adjusted FDR within each cohort/model collection; no combined gene-level FDR	normal-approximation 95% CI reconstructed from frozen model estimate and SE
FTD_vs_Control	Oligodendrocyte	CCT8	0.382478104118632	-1.04768123390493	1.81263744214219	0.951567896501119	0.223005169241023	-0.332437662054018	0.778448000536064	0.771619490354923	TRUE	direction_only	17	37	cohort-specific limma donor-aware gene contrast	gene-model adjusted FDR within each cohort/model collection; no combined gene-level FDR	normal-approximation 95% CI reconstructed from frozen model estimate and SE
FTD_vs_Control	Oligodendrocyte	CHORDC1	1.92826407255761	1.02733966539813	2.82918847971709	0.154043608396435	0.679266629789247	-0.250254383944939	1.60878764352343	0.53262339060783	TRUE	direction_only	17	37	cohort-specific limma donor-aware gene contrast	gene-model adjusted FDR within each cohort/model collection; no combined gene-level FDR	normal-approximation 95% CI reconstructed from frozen model estimate and SE
FTD_vs_Control	Oligodendrocyte	COA3	1.66329837982964	-0.408783913580753	3.73538067324003	0.722571195221496	0.670725792338511	-0.104618829255519	1.44607041393254	0.440030325946132	TRUE	direction_only	17	37	cohort-specific limma donor-aware gene contrast	gene-model adjusted FDR within each cohort/model collection; no combined gene-level FDR	normal-approximation 95% CI reconstructed from frozen model estimate and SE
FTD_vs_Control	Oligodendrocyte	COX5B	3.08470193624726	0.261592020507118	5.9078118519874	0.54547947807606	0.619545777673737	-0.397401595456656	1.63649315080413	0.617045045990548	TRUE	direction_only	17	37	cohort-specific limma donor-aware gene contrast	gene-model adjusted FDR within each cohort/model collection; no combined gene-level FDR	normal-approximation 95% CI reconstructed from frozen model estimate and SE
FTD_vs_Control	Oligodendrocyte	COX7C	3.75088480850522	0.906406025092332	6.59536359191811	0.41496006600813	0.574889436040492	-0.521470935103441	1.67124980718443	0.675570612018431	TRUE	direction_only	17	37	cohort-specific limma donor-aware gene contrast	gene-model adjusted FDR within each cohort/model collection; no combined gene-level FDR	normal-approximation 95% CI reconstructed from frozen model estimate and SE
FTD_vs_Control	Oligodendrocyte	DOCK7	0.950322249345239	0.44983776053705	1.45080673815343	0.201518332961139	0.235817383223107	-0.271746927897318	0.743381694343532	0.722705574758596	TRUE	direction_only	17	37	cohort-specific limma donor-aware gene contrast	gene-model adjusted FDR within each cohort/model collection; no combined gene-level FDR	normal-approximation 95% CI reconstructed from frozen model estimate and SE
FTD_vs_Control	Oligodendrocyte	HSP90AA1	1.79673774485391	-0.0128628816206444	3.60633837132846	0.607054081612345	0.444215407906428	-0.231947128193272	1.12037794400613	0.583328779235898	TRUE	direction_only	17	37	cohort-specific limma donor-aware gene contrast	gene-model adjusted FDR within each cohort/model collection; no combined gene-level FDR	normal-approximation 95% CI reconstructed from frozen model estimate and SE
FTD_vs_Control	Oligodendrocyte	HSP90AB1	2.6414771461541	0.740287802153108	4.54266649015509	0.381785123308288	0.501318169294233	-0.283723078075337	1.2863594166638	0.594604294467514	TRUE	direction_only	17	37	cohort-specific limma donor-aware gene contrast	gene-model adjusted FDR within each cohort/model collection; no combined gene-level FDR	normal-approximation 95% CI reconstructed from frozen model estimate and SE
FTD_vs_Control	Oligodendrocyte	MAP1B	1.94656204051005	0.115096663703532	3.77802741731657	0.563628650258992	-0.541722978838914	-0.953256906155079	-0.130189051522749	0.197505455239065	FALSE	discordant_direction	17	37	cohort-specific limma donor-aware gene contrast	gene-model adjusted FDR within each cohort/model collection; no combined gene-level FDR	normal-approximation 95% CI reconstructed from frozen model estimate and SE
FTD_vs_Control	Oligodendrocyte	MAPT	0.645121658577097	0.29883318311773	0.991410134036464	0.211032590683208	0.461769338813349	0.0433105528720957	0.880228124754602	0.291200470224119	TRUE	direction_only	17	37	cohort-specific limma donor-aware gene contrast	gene-model adjusted FDR within each cohort/model collection; no combined gene-level FDR	normal-approximation 95% CI reconstructed from frozen model estimate and SE
FTD_vs_Control	Oligodendrocyte	PARK7	2.76422522885452	0.58890499325442	4.93954546445462	0.441841986313062	0.332646872706142	-0.41511082460345	1.08040457001573	0.737672150594713	TRUE	direction_only	17	37	cohort-specific limma donor-aware gene contrast	gene-model adjusted FDR within each cohort/model collection; no combined gene-level FDR	normal-approximation 95% CI reconstructed from frozen model estimate and SE
FTD_vs_Control	Oligodendrocyte	STARD13	0.269841191714882	-0.0542354824100171	0.593917865839781	0.703621011569935	-0.159003225691595	-0.588929967485591	0.270923516102401	0.79456022852607	FALSE	discordant_direction	17	37	cohort-specific limma donor-aware gene contrast	gene-model adjusted FDR within each cohort/model collection; no combined gene-level FDR	normal-approximation 95% CI reconstructed from frozen model estimate and SE
